variable;presence conditions
CONFIG_ACCESSIBILITY;CONFIG_ACCESSIBILITY && CONFIG_A11Y_BRAILLE_CONSOLE
CONFIG_INLINE_READ_UNLOCK_IRQ;((CONFIG_SMP || CONFIG_PROVE_LOCKING) || CONFIG_DEBUG_SPINLOCK) && !CONFIG_INLINE_READ_UNLOCK_IRQ
CONFIG_DEBUG_VM_VMACACHE;CONFIG_DEBUG_VM_VMACACHE && (CONFIG_VM_EVENT_COUNTERS && ((CONFIG_PROC_FS || CONFIG_SYSFS) || CONFIG_NUMA))
CONFIG_DVB_AU8522_MODULE;(CONFIG_DVB_CORE || CONFIG_DVB_CORE_MODULE) && (CONFIG_DVB_AU8522 || CONFIG_DVB_AU8522_MODULE)
CONFIG_OMAP_CONTROL_PHY_MODULE;CONFIG_GENERIC_PHY && (CONFIG_OMAP_CONTROL_PHY || CONFIG_OMAP_CONTROL_PHY_MODULE)
CONFIG_UNINLINE_SPIN_UNLOCK;((CONFIG_SMP || CONFIG_PROVE_LOCKING) || CONFIG_DEBUG_SPINLOCK) && CONFIG_UNINLINE_SPIN_UNLOCK
CONFIG_DVB_DUMMY_FE_MODULE;(CONFIG_DVB_CORE || CONFIG_DVB_CORE_MODULE) && (CONFIG_DVB_DUMMY_FE || CONFIG_DVB_DUMMY_FE_MODULE)
CONFIG_VIDEOBUF2_MEMOPS;(CONFIG_VIDEO_DEV || CONFIG_VIDEO_DEV_MODULE) && (CONFIG_VIDEOBUF2_MEMOPS || CONFIG_VIDEOBUF2_MEMOPS_MODULE)
CONFIG_RFKILL_REGULATOR;(CONFIG_RFKILL || CONFIG_RFKILL_MODULE) && (CONFIG_RFKILL_REGULATOR || CONFIG_RFKILL_REGULATOR_MODULE)
CONFIG_ARCH_WANT_GENERAL_HUGETLB;CONFIG_HUGETLBFS && CONFIG_ARCH_WANT_GENERAL_HUGETLB
CONFIG_GENERIC_SMP_IDLE_THREAD;CONFIG_GENERIC_SMP_IDLE_THREAD && CONFIG_SMP
CONFIG_NET_VENDOR_AURORA;(CONFIG_ETHERNET && CONFIG_NET_VENDOR_AURORA) && (CONFIG_AURORA_NB8800 || CONFIG_AURORA_NB8800_MODULE)
CONFIG_USB_WUSB_CBAF_MODULE;((((CONFIG_USB_PHY || (CONFIG_USB || CONFIG_USB_MODULE)) || CONFIG_PCI) || (CONFIG_USB_GADGET || CONFIG_USB_GADGET_MODULE)) && (CONFIG_USB_WUSB || CONFIG_USB_WUSB_MODULE)) && (CONFIG_USB_WUSB_CBAF || CONFIG_USB_WUSB_CBAF_MODULE)
CONFIG_DVB_DUMMY_FE;(CONFIG_DVB_CORE || CONFIG_DVB_CORE_MODULE) && (CONFIG_DVB_DUMMY_FE || CONFIG_DVB_DUMMY_FE_MODULE)
CONFIG_PREEMPT_COUNT;CONFIG_DEBUG_LOCK_ALLOC && CONFIG_PREEMPT_COUNT
CONFIG_NET_VENDOR_SAMSUNG;((CONFIG_ETHERNET && CONFIG_NET_VENDOR_SAMSUNG) && (CONFIG_SXGBE_ETH || CONFIG_SXGBE_ETH_MODULE)) && (CONFIG_SXGBE_ETH || CONFIG_SXGBE_ETH_MODULE)
CONFIG_VLAN_8021Q_MVRP;(CONFIG_VLAN_8021Q && (CONFIG_VLAN_8021Q || CONFIG_VLAN_8021Q_MODULE)) && CONFIG_VLAN_8021Q_MVRP
CONFIG_ASYNC_MEMCPY;(CONFIG_DMADEVICES && CONFIG_DMA_ENGINE) && (CONFIG_ASYNC_MEMCPY || CONFIG_ASYNC_MEMCPY_MODULE)
CONFIG_STM_SOURCE_CONSOLE;(CONFIG_STM || CONFIG_STM_MODULE) && (CONFIG_STM_SOURCE_CONSOLE || CONFIG_STM_SOURCE_CONSOLE_MODULE)
CONFIG_RTLLIB_CRYPTO_CCMP_MODULE;(CONFIG_STAGING && (CONFIG_RTL8192E || CONFIG_RTL8192E_MODULE)) && (CONFIG_RTLLIB_CRYPTO_CCMP || CONFIG_RTLLIB_CRYPTO_CCMP_MODULE)
CONFIG_SND_OPL3_LIB_MODULE;(((CONFIG_SND || CONFIG_SND_MODULE) && (CONFIG_SND || CONFIG_SND_MODULE)) && (CONFIG_SND_OPL3_LIB || CONFIG_SND_OPL3_LIB_MODULE)) || (((CONFIG_SND || CONFIG_SND_MODULE) && (CONFIG_SND || CONFIG_SND_MODULE)) && (CONFIG_SND_OPL4_LIB || CONFIG_SND_OPL4_LIB_MODULE))
CONFIG_OMAP_CONTROL_PHY;CONFIG_GENERIC_PHY && (CONFIG_OMAP_CONTROL_PHY || CONFIG_OMAP_CONTROL_PHY_MODULE)
CONFIG_VIDEOBUF2_MEMOPS_MODULE;(CONFIG_VIDEO_DEV || CONFIG_VIDEO_DEV_MODULE) && (CONFIG_VIDEOBUF2_MEMOPS || CONFIG_VIDEOBUF2_MEMOPS_MODULE)
CONFIG_INLINE_READ_UNLOCK;((CONFIG_SMP || CONFIG_PROVE_LOCKING) || CONFIG_DEBUG_SPINLOCK) && !CONFIG_INLINE_READ_UNLOCK
CONFIG_RFKILL_REGULATOR_MODULE;(CONFIG_RFKILL || CONFIG_RFKILL_MODULE) && (CONFIG_RFKILL_REGULATOR || CONFIG_RFKILL_REGULATOR_MODULE)
CONFIG_ARCH_WANT_IPC_PARSE_VERSION;CONFIG_SYSVIPC && CONFIG_ARCH_WANT_IPC_PARSE_VERSION
CONFIG_STM_SOURCE_CONSOLE_MODULE;(CONFIG_STM || CONFIG_STM_MODULE) && (CONFIG_STM_SOURCE_CONSOLE || CONFIG_STM_SOURCE_CONSOLE_MODULE)
CONFIG_SYSCTL_EXCEPTION_TRACE;CONFIG_SYSCTL_EXCEPTION_TRACE && CONFIG_SYSCTL
CONFIG_SND_SST_IPC_ACPI_MODULE;((((CONFIG_SND || CONFIG_SND_MODULE) && (CONFIG_SND_SOC || CONFIG_SND_SOC_MODULE)) && (CONFIG_SND_SST_MFLD_PLATFORM || CONFIG_SND_SST_MFLD_PLATFORM_MODULE)) && (CONFIG_SND_SST_IPC || CONFIG_SND_SST_IPC_MODULE)) && (CONFIG_SND_SST_IPC_ACPI || CONFIG_SND_SST_IPC_ACPI_MODULE)
CONFIG_INLINE_SPIN_UNLOCK_IRQ;((CONFIG_SMP || CONFIG_PROVE_LOCKING) || CONFIG_DEBUG_SPINLOCK) && !CONFIG_INLINE_SPIN_UNLOCK_IRQ
CONFIG_HID_PID;(((((CONFIG_HID || CONFIG_HID_MODULE) && (CONFIG_USB_HID || CONFIG_USB_HID_MODULE)) || ((CONFIG_HID || CONFIG_HID_MODULE) && (CONFIG_USB_MOUSE || CONFIG_USB_MOUSE_MODULE))) || ((CONFIG_HID || CONFIG_HID_MODULE) && (CONFIG_USB_KBD || CONFIG_USB_KBD_MODULE))) && (CONFIG_USB_HID || CONFIG_USB_HID_MODULE)) && CONFIG_HID_PID
CONFIG_SND_OPL3_LIB;(((CONFIG_SND || CONFIG_SND_MODULE) && (CONFIG_SND || CONFIG_SND_MODULE)) && (CONFIG_SND_OPL3_LIB || CONFIG_SND_OPL3_LIB_MODULE)) || (((CONFIG_SND || CONFIG_SND_MODULE) && (CONFIG_SND || CONFIG_SND_MODULE)) && (CONFIG_SND_OPL4_LIB || CONFIG_SND_OPL4_LIB_MODULE))
CONFIG_MGEODEGX1;(CONFIG_MGEODEGX1 || CONFIG_MGEODE_LX) || CONFIG_X86_GENERIC
CONFIG_NET_VENDOR_ROCKER;(CONFIG_ETHERNET && CONFIG_NET_VENDOR_ROCKER) && (CONFIG_ROCKER || CONFIG_ROCKER_MODULE)
CONFIG_IP_VS_DEBUG;((CONFIG_NETFILTER && (CONFIG_IP_VS || CONFIG_IP_VS_MODULE)) && (CONFIG_IP_VS_PE_SIP || CONFIG_IP_VS_PE_SIP_MODULE)) && CONFIG_IP_VS_DEBUG
CONFIG_DVB_AU8522;(CONFIG_DVB_CORE || CONFIG_DVB_CORE_MODULE) && (CONFIG_DVB_AU8522 || CONFIG_DVB_AU8522_MODULE)
CONFIG_HSU_DMA_PCI;(CONFIG_DMADEVICES && (CONFIG_HSU_DMA || CONFIG_HSU_DMA_MODULE)) && (CONFIG_HSU_DMA_PCI || CONFIG_HSU_DMA_PCI_MODULE)
CONFIG_USB_MUSB_HOST;(((((CONFIG_USB_PHY || (CONFIG_USB || CONFIG_USB_MODULE)) || CONFIG_PCI) || (CONFIG_USB_GADGET || CONFIG_USB_GADGET_MODULE)) && (CONFIG_USB_MUSB_HDRC || CONFIG_USB_MUSB_HDRC_MODULE)) && (CONFIG_USB_MUSB_SUNXI || CONFIG_USB_MUSB_SUNXI_MODULE)) && (CONFIG_USB_MUSB_DUAL_ROLE || CONFIG_USB_MUSB_HOST)
CONFIG_SND_SST_IPC_ACPI;((((CONFIG_SND || CONFIG_SND_MODULE) && (CONFIG_SND_SOC || CONFIG_SND_SOC_MODULE)) && (CONFIG_SND_SST_MFLD_PLATFORM || CONFIG_SND_SST_MFLD_PLATFORM_MODULE)) && (CONFIG_SND_SST_IPC || CONFIG_SND_SST_IPC_MODULE)) && (CONFIG_SND_SST_IPC_ACPI || CONFIG_SND_SST_IPC_ACPI_MODULE)
CONFIG_REGULATOR_DEBUG;(CONFIG_REGULATOR && CONFIG_REGULATOR_DBX500_PRCMU) && CONFIG_REGULATOR_DEBUG
CONFIG_HAVE_SYSCALL_TRACEPOINTS;CONFIG_TRACEPOINTS && CONFIG_HAVE_SYSCALL_TRACEPOINTS
CONFIG_MICREL_KS8995MA_MODULE;(CONFIG_PHYLIB || CONFIG_PHYLIB_MODULE) && (CONFIG_MICREL_KS8995MA || CONFIG_MICREL_KS8995MA_MODULE)
CONFIG_MMC_RICOH_MMC;(CONFIG_PCI && CONFIG_PCI_QUIRKS) && CONFIG_MMC_RICOH_MMC
CONFIG_MICREL_KS8995MA;(CONFIG_PHYLIB || CONFIG_PHYLIB_MODULE) && (CONFIG_MICREL_KS8995MA || CONFIG_MICREL_KS8995MA_MODULE)
CONFIG_VLAN_8021Q_GVRP;(CONFIG_VLAN_8021Q && (CONFIG_VLAN_8021Q || CONFIG_VLAN_8021Q_MODULE)) && CONFIG_VLAN_8021Q_GVRP
CONFIG_CRYPTO_SHA1;(((CONFIG_IP_SCTP || CONFIG_IP_SCTP_MODULE) && (CONFIG_IP_SCTP || CONFIG_IP_SCTP_MODULE)) && CONFIG_SYSCTL) && CONFIG_CRYPTO_SHA1
CONFIG_INLINE_WRITE_UNLOCK_IRQ;((CONFIG_SMP || CONFIG_PROVE_LOCKING) || CONFIG_DEBUG_SPINLOCK) && !CONFIG_INLINE_WRITE_UNLOCK_IRQ
CONFIG_MMC_SDHCI_MODULE;CONFIG_LEDS_CLASS || (CONFIG_LEDS_CLASS_MODULE && CONFIG_MMC_SDHCI_MODULE)
CONFIG_MMC_REALTEK_USB_MODULE;CONFIG_LEDS_CLASS || (CONFIG_LEDS_CLASS_MODULE && CONFIG_MMC_REALTEK_USB_MODULE)
CONFIG_CRYPTO_SHA256_MODULE;((CONFIG_IP_SCTP || CONFIG_IP_SCTP_MODULE) && (CONFIG_IP_SCTP || CONFIG_IP_SCTP_MODULE)) && (CONFIG_CRYPTO_SHA256 || CONFIG_CRYPTO_SHA256_MODULE)
CONFIG_MGEODE_LX;(CONFIG_MGEODEGX1 || CONFIG_MGEODE_LX) || CONFIG_X86_GENERIC
CONFIG_ATH_TRACEPOINTS;((CONFIG_WLAN && (CONFIG_ATH_CARDS || CONFIG_ATH_CARDS_MODULE)) && (CONFIG_ATH_COMMON || CONFIG_ATH_COMMON_MODULE)) && CONFIG_ATH_TRACEPOINTS
CONFIG_ACPI_APEI_MEMORY_FAILURE;((CONFIG_ACPI && CONFIG_ACPI_APEI) && CONFIG_ACPI_APEI_GHES) && CONFIG_ACPI_APEI_MEMORY_FAILURE
CONFIG_NET_VENDOR_OKI;((CONFIG_ETHERNET && CONFIG_NET_VENDOR_OKI) && (CONFIG_PCH_GBE || CONFIG_PCH_GBE_MODULE)) && (CONFIG_PCH_GBE || CONFIG_PCH_GBE_MODULE)
CONFIG_X86_INTEL_USERCOPY;CONFIG_CPU_SUP_INTEL && (CONFIG_X86_INTEL_USERCOPY && CONFIG_X86_32)
CONFIG_RTLLIB_CRYPTO_WEP_MODULE;(CONFIG_STAGING && (CONFIG_RTL8192E || CONFIG_RTL8192E_MODULE)) && (CONFIG_RTLLIB_CRYPTO_WEP || CONFIG_RTLLIB_CRYPTO_WEP_MODULE)
CONFIG_USB_WUSB_CBAF;((((CONFIG_USB_PHY || (CONFIG_USB || CONFIG_USB_MODULE)) || CONFIG_PCI) || (CONFIG_USB_GADGET || CONFIG_USB_GADGET_MODULE)) && (CONFIG_USB_WUSB || CONFIG_USB_WUSB_MODULE)) && (CONFIG_USB_WUSB_CBAF || CONFIG_USB_WUSB_CBAF_MODULE)
CONFIG_HSU_DMA_PCI_MODULE;(CONFIG_DMADEVICES && (CONFIG_HSU_DMA || CONFIG_HSU_DMA_MODULE)) && (CONFIG_HSU_DMA_PCI || CONFIG_HSU_DMA_PCI_MODULE)
CONFIG_ARCH_WANT_OLD_COMPAT_IPC;CONFIG_SYSVIPC_COMPAT && CONFIG_ARCH_WANT_OLD_COMPAT_IPC
CONFIG_TRACEPOINT_BENCHMARK;((((CONFIG_FUNCTION_TRACER || CONFIG_TRACING) || CONFIG_TRACE_CLOCK) || CONFIG_RING_BUFFER) || CONFIG_TRACEPOINTS) && CONFIG_TRACEPOINT_BENCHMARK
CONFIG_ASYNC_MEMCPY_MODULE;(CONFIG_DMADEVICES && CONFIG_DMA_ENGINE) && (CONFIG_ASYNC_MEMCPY || CONFIG_ASYNC_MEMCPY_MODULE)
CONFIG_CRYPTO_SHA256;((CONFIG_IP_SCTP || CONFIG_IP_SCTP_MODULE) && (CONFIG_IP_SCTP || CONFIG_IP_SCTP_MODULE)) && (CONFIG_CRYPTO_SHA256 || CONFIG_CRYPTO_SHA256_MODULE)
CONFIG_X86_GENERIC;(CONFIG_MGEODEGX1 || CONFIG_MGEODE_LX) || CONFIG_X86_GENERIC
CONFIG_CRYPTO_MD5;(((CONFIG_IP_SCTP || CONFIG_IP_SCTP_MODULE) && (CONFIG_IP_SCTP || CONFIG_IP_SCTP_MODULE)) && CONFIG_SYSCTL) && CONFIG_CRYPTO_MD5
CONFIG_INLINE_WRITE_UNLOCK;((CONFIG_SMP || CONFIG_PROVE_LOCKING) || CONFIG_DEBUG_SPINLOCK) && !CONFIG_INLINE_WRITE_UNLOCK
CONFIG_I2C_DEBUG_BUS;(CONFIG_I2C_IMX || CONFIG_I2C_IMX_MODULE) && CONFIG_I2C_DEBUG_BUS
CONFIG_PCMCIA_PROBE;((CONFIG_PCCARD || CONFIG_PCCARD_MODULE) && (CONFIG_PCMCIA || CONFIG_PCMCIA_MODULE)) && (CONFIG_PCMCIA_PROBE || !CONFIG_PCMCIA_PROBE)
CONFIG_GOOGLE_FIRMWARE;CONFIG_GOOGLE_FIRMWARE && ((CONFIG_GOOGLE_SMI || CONFIG_GOOGLE_SMI_MODULE) || (CONFIG_GOOGLE_MEMCONSOLE || CONFIG_GOOGLE_MEMCONSOLE_MODULE))
CONFIG_MODULES_TREE_LOOKUP;CONFIG_MODULES && (CONFIG_MODULES_TREE_LOOKUP || !CONFIG_MODULES_TREE_LOOKUP)
CONFIG_RCU_TORTURE_TEST_SLOW_INIT;(CONFIG_TREE_RCU || CONFIG_PREEMPT_RCU) && (CONFIG_RCU_TORTURE_TEST_SLOW_INIT || !CONFIG_RCU_TORTURE_TEST_SLOW_INIT)
CONFIG_ASYNC_PQ_MODULE;(CONFIG_DMADEVICES && CONFIG_DMA_ENGINE) && ((CONFIG_ASYNC_PQ || CONFIG_ASYNC_PQ_MODULE) || (!CONFIG_ASYNC_TX_DISABLE_PQ_VAL_DMA && (CONFIG_ASYNC_PQ || CONFIG_ASYNC_PQ_MODULE)))
CONFIG_ASYNC_XOR_MODULE;(CONFIG_DMADEVICES && CONFIG_DMA_ENGINE) && ((CONFIG_ASYNC_XOR || CONFIG_ASYNC_XOR_MODULE) || (!CONFIG_ASYNC_TX_DISABLE_XOR_VAL_DMA && (CONFIG_ASYNC_XOR || CONFIG_ASYNC_XOR_MODULE)))
CONFIG_RCU_TORTURE_TEST_SLOW_PREINIT;(CONFIG_TREE_RCU || CONFIG_PREEMPT_RCU) && (CONFIG_RCU_TORTURE_TEST_SLOW_PREINIT || !CONFIG_RCU_TORTURE_TEST_SLOW_PREINIT)
CONFIG_LOCKD_V4;((CONFIG_NFSD || CONFIG_NFSD_MODULE) && (CONFIG_NFSD || CONFIG_NFSD_MODULE)) && (CONFIG_LOCKD_V4 || !CONFIG_LOCKD_V4)
CONFIG_NEED_PER_CPU_EMBED_FIRST_CHUNK;CONFIG_SMP && (CONFIG_NEED_PER_CPU_EMBED_FIRST_CHUNK || (CONFIG_NEED_PER_CPU_EMBED_FIRST_CHUNK || !CONFIG_HAVE_SETUP_PER_CPU_AREA))
CONFIG_RAID_ATTRS;(CONFIG_SCSI || CONFIG_SCSI_MODULE) && ((CONFIG_RAID_ATTRS || CONFIG_RAID_ATTRS_MODULE) || ((CONFIG_SCSI || CONFIG_SCSI_MODULE) && (CONFIG_RAID_ATTRS || CONFIG_RAID_ATTRS_MODULE)))
CONFIG_USB_MUSB_DUAL_ROLE;(((((CONFIG_USB_PHY || (CONFIG_USB || CONFIG_USB_MODULE)) || CONFIG_PCI) || (CONFIG_USB_GADGET || CONFIG_USB_GADGET_MODULE)) && (CONFIG_USB_MUSB_HDRC || CONFIG_USB_MUSB_HDRC_MODULE)) && (CONFIG_USB_MUSB_SUNXI || CONFIG_USB_MUSB_SUNXI_MODULE)) && (CONFIG_USB_MUSB_DUAL_ROLE || (CONFIG_USB_MUSB_DUAL_ROLE || CONFIG_USB_MUSB_HOST))
CONFIG_PROC_CHILDREN;CONFIG_PROC_FS && CONFIG_PROC_CHILDREN
CONFIG_PCI_REALLOC_ENABLE_AUTO;CONFIG_PCI && ((CONFIG_PCI_IOV && CONFIG_PCI_REALLOC_ENABLE_AUTO) || !(CONFIG_PCI_IOV && CONFIG_PCI_REALLOC_ENABLE_AUTO))
CONFIG_DEBUG_OBJECTS_PERCPU_COUNTER;CONFIG_SMP && (CONFIG_DEBUG_OBJECTS_PERCPU_COUNTER || !CONFIG_DEBUG_OBJECTS_PERCPU_COUNTER)
CONFIG_RAID_ATTRS_MODULE;(CONFIG_SCSI || CONFIG_SCSI_MODULE) && ((CONFIG_RAID_ATTRS || CONFIG_RAID_ATTRS_MODULE) || ((CONFIG_SCSI || CONFIG_SCSI_MODULE) && (CONFIG_RAID_ATTRS || CONFIG_RAID_ATTRS_MODULE)))
CONFIG_CRYPTO_HMAC;((CONFIG_BLK_DEV_DRBD || CONFIG_BLK_DEV_DRBD_MODULE) && (CONFIG_BLK_DEV_DRBD || CONFIG_BLK_DEV_DRBD_MODULE)) && ((!CONFIG_CRYPTO_HMAC && !CONFIG_CRYPTO_HMAC_MODULE) || !(!CONFIG_CRYPTO_HMAC && !CONFIG_CRYPTO_HMAC_MODULE))
CONFIG_RADIO_SI470X;((CONFIG_VIDEO_DEV || CONFIG_VIDEO_DEV_MODULE) && CONFIG_RADIO_SI470X) && ((CONFIG_I2C_SI470X || CONFIG_I2C_SI470X_MODULE) || (CONFIG_USB_SI470X || CONFIG_USB_SI470X_MODULE))
CONFIG_HAVE_CMPXCHG_LOCAL;CONFIG_SMP && (CONFIG_HAVE_CMPXCHG_LOCAL || !CONFIG_HAVE_CMPXCHG_LOCAL)
CONFIG_PCI_DEBUG;(CONFIG_PCI && CONFIG_PCI_RCAR_GEN2) && (CONFIG_PCI_DEBUG || !CONFIG_PCI_DEBUG)
CONFIG_CRYPTO_HMAC_MODULE;((CONFIG_BLK_DEV_DRBD || CONFIG_BLK_DEV_DRBD_MODULE) && (CONFIG_BLK_DEV_DRBD || CONFIG_BLK_DEV_DRBD_MODULE)) && ((!CONFIG_CRYPTO_HMAC && !CONFIG_CRYPTO_HMAC_MODULE) || !(!CONFIG_CRYPTO_HMAC && !CONFIG_CRYPTO_HMAC_MODULE))
CONFIG_DEBUG_TLBFLUSH;CONFIG_DEBUG_TLBFLUSH && (CONFIG_VM_EVENT_COUNTERS && ((CONFIG_PROC_FS || CONFIG_SYSFS) || CONFIG_NUMA));CONFIG_SMP && (CONFIG_DEBUG_TLBFLUSH && (CONFIG_VM_EVENT_COUNTERS && ((CONFIG_PROC_FS || CONFIG_SYSFS) || CONFIG_NUMA)))
CONFIG_IWLWIFI_LEDS;CONFIG_IWLWIFI_LEDS && ((((CONFIG_WLAN && (CONFIG_IWLWIFI || CONFIG_IWLWIFI_MODULE)) && (CONFIG_IWLMVM || CONFIG_IWLMVM_MODULE)) && (CONFIG_IWLMVM || CONFIG_IWLMVM_MODULE)) || (((CONFIG_WLAN && (CONFIG_IWLWIFI || CONFIG_IWLWIFI_MODULE)) && (CONFIG_IWLDVM || CONFIG_IWLDVM_MODULE)) && (CONFIG_IWLDVM || CONFIG_IWLDVM_MODULE)))
CONFIG_CPU_FREQ_DEFAULT_GOV_PERFORMANCE;(CONFIG_CPU_FREQ && CONFIG_X86_INTEL_PSTATE) && (CONFIG_CPU_FREQ_DEFAULT_GOV_PERFORMANCE || !CONFIG_CPU_FREQ_DEFAULT_GOV_PERFORMANCE)
CONFIG_NF_CONNTRACK_TIMESTAMP;(CONFIG_NETFILTER && (CONFIG_NF_CT_NETLINK || CONFIG_NF_CT_NETLINK_MODULE)) && (CONFIG_NF_CONNTRACK_TIMESTAMP || !CONFIG_NF_CONNTRACK_TIMESTAMP)
CONFIG_HAVE_SETUP_PER_CPU_AREA;CONFIG_SMP && (!CONFIG_HAVE_SETUP_PER_CPU_AREA || (CONFIG_NEED_PER_CPU_EMBED_FIRST_CHUNK || !CONFIG_HAVE_SETUP_PER_CPU_AREA))
CONFIG_W1_CON;((CONFIG_W1 || CONFIG_W1_MODULE) && (CONFIG_W1 || CONFIG_W1_MODULE)) && ((CONFIG_W1_CON && (CONFIG_CONNECTOR || (CONFIG_CONNECTOR_MODULE && CONFIG_W1_MODULE))) || !(CONFIG_W1_CON && (CONFIG_CONNECTOR || (CONFIG_CONNECTOR_MODULE && CONFIG_W1_MODULE))))
CONFIG_NEED_SG_DMA_LENGTH;CONFIG_NEED_SG_DMA_LENGTH && ((((CONFIG_STAGING && (CONFIG_STAGING_RDMA || CONFIG_STAGING_RDMA_MODULE)) && (CONFIG_INFINIBAND_HFI1 || CONFIG_INFINIBAND_HFI1_MODULE)) && (CONFIG_INFINIBAND_HFI1 || CONFIG_INFINIBAND_HFI1_MODULE)) || ((((CONFIG_INFINIBAND || CONFIG_INFINIBAND_MODULE) && (CONFIG_INFINIBAND || CONFIG_INFINIBAND_MODULE)) && (CONFIG_INFINIBAND_SRP || CONFIG_INFINIBAND_SRP_MODULE)) && (CONFIG_INFINIBAND_SRP || CONFIG_INFINIBAND_SRP_MODULE)))
CONFIG_NF_CONNTRACK_PROC_COMPAT;(CONFIG_NETFILTER && (CONFIG_NF_CT_PROTO_SCTP || CONFIG_NF_CT_PROTO_SCTP_MODULE)) && (CONFIG_NF_CONNTRACK_PROC_COMPAT && CONFIG_SYSCTL)
CONFIG_ARCH_HAS_CPU_RELAX;CONFIG_CPU_IDLE && (CONFIG_ARCH_HAS_CPU_RELAX || !CONFIG_ARCH_HAS_CPU_RELAX)
CONFIG_EDAC_DEBUG;CONFIG_EDAC_DEBUG && ((CONFIG_EDAC && (CONFIG_EDAC_I7300 || CONFIG_EDAC_I7300_MODULE)) || (CONFIG_EDAC && (CONFIG_EDAC_CPC925 || CONFIG_EDAC_CPC925_MODULE)))
CONFIG_KVM_DEBUG_FS;CONFIG_KVM_GUEST && ((CONFIG_KVM_DEBUG_FS && (!CONFIG_QUEUED_SPINLOCKS && CONFIG_PARAVIRT_SPINLOCKS)) || (!CONFIG_KVM_DEBUG_FS && (!CONFIG_QUEUED_SPINLOCKS && CONFIG_PARAVIRT_SPINLOCKS)))
CONFIG_ARCH_WANT_HUGE_PMD_SHARE;CONFIG_HUGETLBFS && (CONFIG_ARCH_WANT_HUGE_PMD_SHARE || !CONFIG_ARCH_WANT_HUGE_PMD_SHARE)
CONFIG_SCSI_CONSTANTS;((CONFIG_SCSI || CONFIG_SCSI_MODULE) && (CONFIG_SCSI_SPI_ATTRS || CONFIG_SCSI_SPI_ATTRS_MODULE)) && (CONFIG_SCSI_CONSTANTS || !CONFIG_SCSI_CONSTANTS)
CONFIG_ASYNC_PQ;(CONFIG_DMADEVICES && CONFIG_DMA_ENGINE) && ((CONFIG_ASYNC_PQ || CONFIG_ASYNC_PQ_MODULE) || (!CONFIG_ASYNC_TX_DISABLE_PQ_VAL_DMA && (CONFIG_ASYNC_PQ || CONFIG_ASYNC_PQ_MODULE)))
CONFIG_WATCHDOG_NOWAYOUT;CONFIG_WATCHDOG_NOWAYOUT && ((CONFIG_WATCHDOG && (CONFIG_KS8695_WATCHDOG || CONFIG_KS8695_WATCHDOG_MODULE)) || (CONFIG_WATCHDOG && (CONFIG_AT91RM9200_WATCHDOG || CONFIG_AT91RM9200_WATCHDOG_MODULE)))
CONFIG_NET_VENDOR_AGERE;(CONFIG_ETHERNET && CONFIG_NET_VENDOR_AGERE) && (CONFIG_ET131X || CONFIG_ET131X_MODULE);((CONFIG_ETHERNET && CONFIG_NET_VENDOR_AGERE) && (CONFIG_ET131X || CONFIG_ET131X_MODULE)) && CONFIG_PM_SLEEP
CONFIG_MEMSTICK_UNSAFE_RESUME;(((CONFIG_MEMSTICK || CONFIG_MEMSTICK_MODULE) && (CONFIG_MEMSTICK || CONFIG_MEMSTICK_MODULE)) && (CONFIG_MS_BLOCK || CONFIG_MS_BLOCK_MODULE)) && (!CONFIG_MEMSTICK_UNSAFE_RESUME && CONFIG_PM);(((CONFIG_MEMSTICK || CONFIG_MEMSTICK_MODULE) && (CONFIG_MEMSTICK || CONFIG_MEMSTICK_MODULE)) && (CONFIG_MSPRO_BLOCK || CONFIG_MSPRO_BLOCK_MODULE)) && (CONFIG_MEMSTICK_UNSAFE_RESUME && CONFIG_PM)
CONFIG_TRACE_IRQFLAGS_SUPPORT;(((((CONFIG_FUNCTION_TRACER || CONFIG_TRACING) || CONFIG_TRACE_CLOCK) || CONFIG_RING_BUFFER) || CONFIG_TRACEPOINTS) && CONFIG_TRACING) && (CONFIG_TRACE_IRQFLAGS_SUPPORT || !CONFIG_TRACE_IRQFLAGS_SUPPORT)
CONFIG_LEGACY_VSYSCALL_NONE;CONFIG_X86_VSYSCALL_EMULATION && ((!CONFIG_LEGACY_VSYSCALL_NATIVE && CONFIG_LEGACY_VSYSCALL_NONE) || (!CONFIG_LEGACY_VSYSCALL_NATIVE && !CONFIG_LEGACY_VSYSCALL_NONE))
CONFIG_ASYNC_XOR;(CONFIG_DMADEVICES && CONFIG_DMA_ENGINE) && ((CONFIG_ASYNC_XOR || CONFIG_ASYNC_XOR_MODULE) || (!CONFIG_ASYNC_TX_DISABLE_XOR_VAL_DMA && (CONFIG_ASYNC_XOR || CONFIG_ASYNC_XOR_MODULE)))
CONFIG_RCU_TORTURE_TEST_SLOW_CLEANUP;(CONFIG_TREE_RCU || CONFIG_PREEMPT_RCU) && (CONFIG_RCU_TORTURE_TEST_SLOW_CLEANUP || !CONFIG_RCU_TORTURE_TEST_SLOW_CLEANUP)
CONFIG_BUG;CONFIG_NET && CONFIG_BUG;((CONFIG_WIMAX || CONFIG_WIMAX_MODULE) && (CONFIG_WIMAX || CONFIG_WIMAX_MODULE)) && !CONFIG_BUG
CONFIG_VHOST_CROSS_ENDIAN_LEGACY;((CONFIG_VHOST_RING || CONFIG_VHOST_RING_MODULE) && (CONFIG_VHOST || CONFIG_VHOST_MODULE)) && (CONFIG_VHOST_CROSS_ENDIAN_LEGACY || !CONFIG_VHOST_CROSS_ENDIAN_LEGACY)
CONFIG_X86_REROUTE_FOR_BROKEN_BOOT_IRQS;CONFIG_PCI && (CONFIG_X86_REROUTE_FOR_BROKEN_BOOT_IRQS || !CONFIG_X86_REROUTE_FOR_BROKEN_BOOT_IRQS)
CONFIG_DPM_WATCHDOG;CONFIG_PM_SLEEP && (CONFIG_DPM_WATCHDOG || !CONFIG_DPM_WATCHDOG)
CONFIG_ATH9K_PCOEM;((((CONFIG_WLAN && (CONFIG_ATH_CARDS || CONFIG_ATH_CARDS_MODULE)) && (CONFIG_ATH9K_HW || CONFIG_ATH9K_HW_MODULE)) && (CONFIG_ATH9K || CONFIG_ATH9K_MODULE)) && CONFIG_ATH9K_PCI) && CONFIG_ATH9K_PCOEM
CONFIG_DVB_AU8522_V4L_MODULE;(CONFIG_DVB_CORE || CONFIG_DVB_CORE_MODULE) && (CONFIG_DVB_AU8522_V4L || CONFIG_DVB_AU8522_V4L_MODULE);((CONFIG_DVB_CORE || CONFIG_DVB_CORE_MODULE) && (CONFIG_DVB_AU8522_V4L || CONFIG_DVB_AU8522_V4L_MODULE)) && CONFIG_VIDEO_ADV_DEBUG
CONFIG_ATH5K_PCI;(((CONFIG_WLAN && (CONFIG_ATH_CARDS || CONFIG_ATH_CARDS_MODULE)) && (CONFIG_ATH5K || CONFIG_ATH5K_MODULE)) && (CONFIG_ATH5K || CONFIG_ATH5K_MODULE)) && CONFIG_ATH5K_PCI;((((CONFIG_WLAN && (CONFIG_ATH_CARDS || CONFIG_ATH_CARDS_MODULE)) && (CONFIG_ATH5K || CONFIG_ATH5K_MODULE)) && (CONFIG_ATH5K || CONFIG_ATH5K_MODULE)) && CONFIG_ATH5K_PCI) && (CONFIG_PM_SLEEP || !CONFIG_PM_SLEEP)
CONFIG_NET_VENDOR_EZCHIP;(CONFIG_ETHERNET && CONFIG_NET_VENDOR_EZCHIP) && (CONFIG_EZCHIP_NPS_MANAGEMENT_ENET || CONFIG_EZCHIP_NPS_MANAGEMENT_ENET_MODULE);((CONFIG_ETHERNET && CONFIG_NET_VENDOR_EZCHIP) && (CONFIG_EZCHIP_NPS_MANAGEMENT_ENET || CONFIG_EZCHIP_NPS_MANAGEMENT_ENET_MODULE)) && CONFIG_NET_POLL_CONTROLLER
CONFIG_IDE_PROC_FS;((CONFIG_IDE || CONFIG_IDE_MODULE) && (CONFIG_BLK_DEV_IDETAPE || CONFIG_BLK_DEV_IDETAPE_MODULE)) && CONFIG_IDE_PROC_FS
CONFIG_MEDIA_ATTACH;CONFIG_MEDIA_ATTACH && (((CONFIG_VIDEO_BT848 || CONFIG_VIDEO_BT848_MODULE) && (CONFIG_DVB_BT8XX || CONFIG_DVB_BT8XX_MODULE)) || ((CONFIG_VIDEO_DEV || CONFIG_VIDEO_DEV_MODULE) && (CONFIG_VIDEO_TUNER || CONFIG_VIDEO_TUNER_MODULE)));((CONFIG_VIDEO_DEV || CONFIG_VIDEO_DEV_MODULE) && (CONFIG_VIDEO_TUNER || CONFIG_VIDEO_TUNER_MODULE)) && !CONFIG_MEDIA_ATTACH
CONFIG_VIDEOBUF2_VMALLOC;(CONFIG_VIDEO_DEV || CONFIG_VIDEO_DEV_MODULE) && (CONFIG_VIDEOBUF2_VMALLOC || CONFIG_VIDEOBUF2_VMALLOC_MODULE);((CONFIG_VIDEO_DEV || CONFIG_VIDEO_DEV_MODULE) && (CONFIG_VIDEOBUF2_VMALLOC || CONFIG_VIDEOBUF2_VMALLOC_MODULE)) && CONFIG_HAS_DMA
CONFIG_FIX_EARLYCON_MEM;CONFIG_SERIAL_EARLYCON && (CONFIG_FIX_EARLYCON_MEM || !CONFIG_FIX_EARLYCON_MEM)
CONFIG_MPLS;CONFIG_MPLS && (((CONFIG_NET_MPLS_GSO || CONFIG_NET_MPLS_GSO_MODULE) || (CONFIG_MPLS_ROUTING || CONFIG_MPLS_ROUTING_MODULE)) || (CONFIG_MPLS_IPTUNNEL || CONFIG_MPLS_IPTUNNEL_MODULE))
CONFIG_DVB_AU8522_V4L;(CONFIG_DVB_CORE || CONFIG_DVB_CORE_MODULE) && (CONFIG_DVB_AU8522_V4L || CONFIG_DVB_AU8522_V4L_MODULE);((CONFIG_DVB_CORE || CONFIG_DVB_CORE_MODULE) && (CONFIG_DVB_AU8522_V4L || CONFIG_DVB_AU8522_V4L_MODULE)) && CONFIG_VIDEO_ADV_DEBUG
CONFIG_LIB80211_DEBUG;CONFIG_LIB80211_DEBUG && ((CONFIG_WIRELESS && (CONFIG_LIB80211_CRYPT_TKIP || CONFIG_LIB80211_CRYPT_TKIP_MODULE)) || (CONFIG_WIRELESS && (CONFIG_LIB80211_CRYPT_CCMP || CONFIG_LIB80211_CRYPT_CCMP_MODULE)))
CONFIG_VIDEOBUF2_VMALLOC_MODULE;(CONFIG_VIDEO_DEV || CONFIG_VIDEO_DEV_MODULE) && (CONFIG_VIDEOBUF2_VMALLOC || CONFIG_VIDEOBUF2_VMALLOC_MODULE);((CONFIG_VIDEO_DEV || CONFIG_VIDEO_DEV_MODULE) && (CONFIG_VIDEOBUF2_VMALLOC || CONFIG_VIDEOBUF2_VMALLOC_MODULE)) && CONFIG_HAS_DMA
CONFIG_NET_VENDOR_ARC;(CONFIG_ETHERNET && CONFIG_NET_VENDOR_ARC) && (((CONFIG_ARC_EMAC || CONFIG_ARC_EMAC_MODULE) || (CONFIG_ARC_EMAC_CORE || CONFIG_ARC_EMAC_CORE_MODULE)) || (CONFIG_EMAC_ROCKCHIP || CONFIG_EMAC_ROCKCHIP_MODULE))
CONFIG_NET_VENDOR_SILAN;(CONFIG_ETHERNET && CONFIG_NET_VENDOR_SILAN) && (CONFIG_SC92031 || CONFIG_SC92031_MODULE);((CONFIG_ETHERNET && CONFIG_NET_VENDOR_SILAN) && (CONFIG_SC92031 || CONFIG_SC92031_MODULE)) && CONFIG_NET_POLL_CONTROLLER
CONFIG_FB_DEFERRED_IO;(CONFIG_FB || CONFIG_FB_MODULE) && (CONFIG_FB_DEFERRED_IO || CONFIG_FB_DEFERRED_IO)
CONFIG_MTD_OTP;((CONFIG_MTD || CONFIG_MTD_MODULE) && (CONFIG_MTD_CFI_INTELEXT || CONFIG_MTD_CFI_INTELEXT_MODULE)) && CONFIG_MTD_OTP
CONFIG_NET_VENDOR_SYNOPSYS;(CONFIG_ETHERNET && CONFIG_NET_VENDOR_SYNOPSYS) && (CONFIG_SYNOPSYS_DWC_ETH_QOS || CONFIG_SYNOPSYS_DWC_ETH_QOS_MODULE);((CONFIG_ETHERNET && CONFIG_NET_VENDOR_SYNOPSYS) && (CONFIG_SYNOPSYS_DWC_ETH_QOS || CONFIG_SYNOPSYS_DWC_ETH_QOS_MODULE)) && CONFIG_NET_POLL_CONTROLLER
CONFIG_FB_TILEBLITTING;(CONFIG_VT && (CONFIG_FRAMEBUFFER_CONSOLE || CONFIG_FRAMEBUFFER_CONSOLE_MODULE)) && (CONFIG_FB_TILEBLITTING || !CONFIG_FB_TILEBLITTING);(CONFIG_VT && CONFIG_FB_TILEBLITTING) && (CONFIG_FRAMEBUFFER_CONSOLE || CONFIG_FRAMEBUFFER_CONSOLE_MODULE)
CONFIG_ATH_DEBUG;CONFIG_ATH_DEBUG && (((CONFIG_WLAN && (CONFIG_ATH_CARDS || CONFIG_ATH_CARDS_MODULE)) && (CONFIG_ATH_COMMON || CONFIG_ATH_COMMON_MODULE)) || ((((CONFIG_WLAN && (CONFIG_ATH_CARDS || CONFIG_ATH_CARDS_MODULE)) && (CONFIG_ATH9K_HW || CONFIG_ATH9K_HW_MODULE)) && (CONFIG_ATH9K || CONFIG_ATH9K_MODULE)) && CONFIG_ATH9K_DEBUGFS))
CONFIG_LEGACY_VSYSCALL_NATIVE;CONFIG_X86_VSYSCALL_EMULATION && ((CONFIG_LEGACY_VSYSCALL_NATIVE || (!CONFIG_LEGACY_VSYSCALL_NATIVE && CONFIG_LEGACY_VSYSCALL_NONE)) || (!CONFIG_LEGACY_VSYSCALL_NATIVE && !CONFIG_LEGACY_VSYSCALL_NONE))
CONFIG_NET_VENDOR_RDC;(CONFIG_ETHERNET && CONFIG_NET_VENDOR_RDC) && (CONFIG_R6040 || CONFIG_R6040_MODULE);((CONFIG_ETHERNET && CONFIG_NET_VENDOR_RDC) && (CONFIG_R6040 || CONFIG_R6040_MODULE)) && CONFIG_NET_POLL_CONTROLLER
CONFIG_USB_HCD_BCMA;(((((((((((((((((((CONFIG_USB_PHY || (CONFIG_USB || CONFIG_USB_MODULE)) || CONFIG_PCI) || (CONFIG_USB_GADGET || CONFIG_USB_GADGET_MODULE)) && CONFIG_PCI) || ((((CONFIG_USB_PHY || (CONFIG_USB || CONFIG_USB_MODULE)) || CONFIG_PCI) || (CONFIG_USB_GADGET || CONFIG_USB_GADGET_MODULE)) && (CONFIG_USB_EHCI_HCD || CONFIG_USB_EHCI_HCD_MODULE))) || ((((CONFIG_USB_PHY || (CONFIG_USB || CONFIG_USB_MODULE)) || CONFIG_PCI) || (CONFIG_USB_GADGET || CONFIG_USB_GADGET_MODULE)) && (CONFIG_USB_ISP116X_HCD || CONFIG_USB_ISP116X_HCD_MODULE))) || ((((CONFIG_USB_PHY || (CONFIG_USB || CONFIG_USB_MODULE)) || CONFIG_PCI) || (CONFIG_USB_GADGET || CONFIG_USB_GADGET_MODULE)) && (CONFIG_USB_OHCI_HCD || CONFIG_USB_OHCI_HCD_MODULE))) || ((((CONFIG_USB_PHY || (CONFIG_USB || CONFIG_USB_MODULE)) || CONFIG_PCI) || (CONFIG_USB_GADGET || CONFIG_USB_GADGET_MODULE)) && (CONFIG_USB_UHCI_HCD || CONFIG_USB_UHCI_HCD_MODULE))) || ((((CONFIG_USB_PHY || (CONFIG_USB || CONFIG_USB_MODULE)) || CONFIG_PCI) || (CONFIG_USB_GADGET || CONFIG_USB_GADGET_MODULE)) && (CONFIG_USB_FHCI_HCD || CONFIG_USB_FHCI_HCD_MODULE))) || ((((CONFIG_USB_PHY || (CONFIG_USB || CONFIG_USB_MODULE)) || CONFIG_PCI) || (CONFIG_USB_GADGET || CONFIG_USB_GADGET_MODULE)) && (CONFIG_USB_XHCI_HCD || CONFIG_USB_XHCI_HCD_MODULE))) || ((((CONFIG_USB_PHY || (CONFIG_USB || CONFIG_USB_MODULE)) || CONFIG_PCI) || (CONFIG_USB_GADGET || CONFIG_USB_GADGET_MODULE)) && (CONFIG_USB_SL811_HCD || CONFIG_USB_SL811_HCD_MODULE))) || ((((CONFIG_USB_PHY || (CONFIG_USB || CONFIG_USB_MODULE)) || CONFIG_PCI) || (CONFIG_USB_GADGET || CONFIG_USB_GADGET_MODULE)) && (CONFIG_USB_ISP1362_HCD || CONFIG_USB_ISP1362_HCD_MODULE))) || ((((CONFIG_USB_PHY || (CONFIG_USB || CONFIG_USB_MODULE)) || CONFIG_PCI) || (CONFIG_USB_GADGET || CONFIG_USB_GADGET_MODULE)) && (CONFIG_USB_U132_HCD || CONFIG_USB_U132_HCD_MODULE))) || ((((CONFIG_USB_PHY || (CONFIG_USB || CONFIG_USB_MODULE)) || CONFIG_PCI) || (CONFIG_USB_GADGET || CONFIG_USB_GADGET_MODULE)) && (CONFIG_USB_R8A66597_HCD || CONFIG_USB_R8A66597_HCD_MODULE))) || ((((CONFIG_USB_PHY || (CONFIG_USB || CONFIG_USB_MODULE)) || CONFIG_PCI) || (CONFIG_USB_GADGET || CONFIG_USB_GADGET_MODULE)) && (CONFIG_USB_HWA_HCD || CONFIG_USB_HWA_HCD_MODULE))) || ((((CONFIG_USB_PHY || (CONFIG_USB || CONFIG_USB_MODULE)) || CONFIG_PCI) || (CONFIG_USB_GADGET || CONFIG_USB_GADGET_MODULE)) && (CONFIG_USB_IMX21_HCD || CONFIG_USB_IMX21_HCD_MODULE))) || ((((CONFIG_USB_PHY || (CONFIG_USB || CONFIG_USB_MODULE)) || CONFIG_PCI) || (CONFIG_USB_GADGET || CONFIG_USB_GADGET_MODULE)) && (CONFIG_USB_FSL_MPH_DR_OF || CONFIG_USB_FSL_MPH_DR_OF_MODULE))) || ((((CONFIG_USB_PHY || (CONFIG_USB || CONFIG_USB_MODULE)) || CONFIG_PCI) || (CONFIG_USB_GADGET || CONFIG_USB_GADGET_MODULE)) && (CONFIG_USB_FOTG210_HCD || CONFIG_USB_FOTG210_HCD_MODULE))) || ((((CONFIG_USB_PHY || (CONFIG_USB || CONFIG_USB_MODULE)) || CONFIG_PCI) || (CONFIG_USB_GADGET || CONFIG_USB_GADGET_MODULE)) && (CONFIG_USB_MAX3421_HCD || CONFIG_USB_MAX3421_HCD_MODULE))) && (CONFIG_USB_HCD_BCMA || CONFIG_USB_HCD_BCMA_MODULE);((((((((((((((((((((CONFIG_USB_PHY || (CONFIG_USB || CONFIG_USB_MODULE)) || CONFIG_PCI) || (CONFIG_USB_GADGET || CONFIG_USB_GADGET_MODULE)) && CONFIG_PCI) || ((((CONFIG_USB_PHY || (CONFIG_USB || CONFIG_USB_MODULE)) || CONFIG_PCI) || (CONFIG_USB_GADGET || CONFIG_USB_GADGET_MODULE)) && (CONFIG_USB_EHCI_HCD || CONFIG_USB_EHCI_HCD_MODULE))) || ((((CONFIG_USB_PHY || (CONFIG_USB || CONFIG_USB_MODULE)) || CONFIG_PCI) || (CONFIG_USB_GADGET || CONFIG_USB_GADGET_MODULE)) && (CONFIG_USB_ISP116X_HCD || CONFIG_USB_ISP116X_HCD_MODULE))) || ((((CONFIG_USB_PHY || (CONFIG_USB || CONFIG_USB_MODULE)) || CONFIG_PCI) || (CONFIG_USB_GADGET || CONFIG_USB_GADGET_MODULE)) && (CONFIG_USB_OHCI_HCD || CONFIG_USB_OHCI_HCD_MODULE))) || ((((CONFIG_USB_PHY || (CONFIG_USB || CONFIG_USB_MODULE)) || CONFIG_PCI) || (CONFIG_USB_GADGET || CONFIG_USB_GADGET_MODULE)) && (CONFIG_USB_UHCI_HCD || CONFIG_USB_UHCI_HCD_MODULE))) || ((((CONFIG_USB_PHY || (CONFIG_USB || CONFIG_USB_MODULE)) || CONFIG_PCI) || (CONFIG_USB_GADGET || CONFIG_USB_GADGET_MODULE)) && (CONFIG_USB_FHCI_HCD || CONFIG_USB_FHCI_HCD_MODULE))) || ((((CONFIG_USB_PHY || (CONFIG_USB || CONFIG_USB_MODULE)) || CONFIG_PCI) || (CONFIG_USB_GADGET || CONFIG_USB_GADGET_MODULE)) && (CONFIG_USB_XHCI_HCD || CONFIG_USB_XHCI_HCD_MODULE))) || ((((CONFIG_USB_PHY || (CONFIG_USB || CONFIG_USB_MODULE)) || CONFIG_PCI) || (CONFIG_USB_GADGET || CONFIG_USB_GADGET_MODULE)) && (CONFIG_USB_SL811_HCD || CONFIG_USB_SL811_HCD_MODULE))) || ((((CONFIG_USB_PHY || (CONFIG_USB || CONFIG_USB_MODULE)) || CONFIG_PCI) || (CONFIG_USB_GADGET || CONFIG_USB_GADGET_MODULE)) && (CONFIG_USB_ISP1362_HCD || CONFIG_USB_ISP1362_HCD_MODULE))) || ((((CONFIG_USB_PHY || (CONFIG_USB || CONFIG_USB_MODULE)) || CONFIG_PCI) || (CONFIG_USB_GADGET || CONFIG_USB_GADGET_MODULE)) && (CONFIG_USB_U132_HCD || CONFIG_USB_U132_HCD_MODULE))) || ((((CONFIG_USB_PHY || (CONFIG_USB || CONFIG_USB_MODULE)) || CONFIG_PCI) || (CONFIG_USB_GADGET || CONFIG_USB_GADGET_MODULE)) && (CONFIG_USB_R8A66597_HCD || CONFIG_USB_R8A66597_HCD_MODULE))) || ((((CONFIG_USB_PHY || (CONFIG_USB || CONFIG_USB_MODULE)) || CONFIG_PCI) || (CONFIG_USB_GADGET || CONFIG_USB_GADGET_MODULE)) && (CONFIG_USB_HWA_HCD || CONFIG_USB_HWA_HCD_MODULE))) || ((((CONFIG_USB_PHY || (CONFIG_USB || CONFIG_USB_MODULE)) || CONFIG_PCI) || (CONFIG_USB_GADGET || CONFIG_USB_GADGET_MODULE)) && (CONFIG_USB_IMX21_HCD || CONFIG_USB_IMX21_HCD_MODULE))) || ((((CONFIG_USB_PHY || (CONFIG_USB || CONFIG_USB_MODULE)) || CONFIG_PCI) || (CONFIG_USB_GADGET || CONFIG_USB_GADGET_MODULE)) && (CONFIG_USB_FSL_MPH_DR_OF || CONFIG_USB_FSL_MPH_DR_OF_MODULE))) || ((((CONFIG_USB_PHY || (CONFIG_USB || CONFIG_USB_MODULE)) || CONFIG_PCI) || (CONFIG_USB_GADGET || CONFIG_USB_GADGET_MODULE)) && (CONFIG_USB_FOTG210_HCD || CONFIG_USB_FOTG210_HCD_MODULE))) || ((((CONFIG_USB_PHY || (CONFIG_USB || CONFIG_USB_MODULE)) || CONFIG_PCI) || (CONFIG_USB_GADGET || CONFIG_USB_GADGET_MODULE)) && (CONFIG_USB_MAX3421_HCD || CONFIG_USB_MAX3421_HCD_MODULE))) && (CONFIG_USB_HCD_BCMA || CONFIG_USB_HCD_BCMA_MODULE)) && ((CONFIG_PM || !CONFIG_PM) || CONFIG_BCMA_DRIVER_MIPS)
CONFIG_USB_HCD_SSB;(((((((((((((((((((CONFIG_USB_PHY || (CONFIG_USB || CONFIG_USB_MODULE)) || CONFIG_PCI) || (CONFIG_USB_GADGET || CONFIG_USB_GADGET_MODULE)) && CONFIG_PCI) || ((((CONFIG_USB_PHY || (CONFIG_USB || CONFIG_USB_MODULE)) || CONFIG_PCI) || (CONFIG_USB_GADGET || CONFIG_USB_GADGET_MODULE)) && (CONFIG_USB_EHCI_HCD || CONFIG_USB_EHCI_HCD_MODULE))) || ((((CONFIG_USB_PHY || (CONFIG_USB || CONFIG_USB_MODULE)) || CONFIG_PCI) || (CONFIG_USB_GADGET || CONFIG_USB_GADGET_MODULE)) && (CONFIG_USB_ISP116X_HCD || CONFIG_USB_ISP116X_HCD_MODULE))) || ((((CONFIG_USB_PHY || (CONFIG_USB || CONFIG_USB_MODULE)) || CONFIG_PCI) || (CONFIG_USB_GADGET || CONFIG_USB_GADGET_MODULE)) && (CONFIG_USB_OHCI_HCD || CONFIG_USB_OHCI_HCD_MODULE))) || ((((CONFIG_USB_PHY || (CONFIG_USB || CONFIG_USB_MODULE)) || CONFIG_PCI) || (CONFIG_USB_GADGET || CONFIG_USB_GADGET_MODULE)) && (CONFIG_USB_UHCI_HCD || CONFIG_USB_UHCI_HCD_MODULE))) || ((((CONFIG_USB_PHY || (CONFIG_USB || CONFIG_USB_MODULE)) || CONFIG_PCI) || (CONFIG_USB_GADGET || CONFIG_USB_GADGET_MODULE)) && (CONFIG_USB_FHCI_HCD || CONFIG_USB_FHCI_HCD_MODULE))) || ((((CONFIG_USB_PHY || (CONFIG_USB || CONFIG_USB_MODULE)) || CONFIG_PCI) || (CONFIG_USB_GADGET || CONFIG_USB_GADGET_MODULE)) && (CONFIG_USB_XHCI_HCD || CONFIG_USB_XHCI_HCD_MODULE))) || ((((CONFIG_USB_PHY || (CONFIG_USB || CONFIG_USB_MODULE)) || CONFIG_PCI) || (CONFIG_USB_GADGET || CONFIG_USB_GADGET_MODULE)) && (CONFIG_USB_SL811_HCD || CONFIG_USB_SL811_HCD_MODULE))) || ((((CONFIG_USB_PHY || (CONFIG_USB || CONFIG_USB_MODULE)) || CONFIG_PCI) || (CONFIG_USB_GADGET || CONFIG_USB_GADGET_MODULE)) && (CONFIG_USB_ISP1362_HCD || CONFIG_USB_ISP1362_HCD_MODULE))) || ((((CONFIG_USB_PHY || (CONFIG_USB || CONFIG_USB_MODULE)) || CONFIG_PCI) || (CONFIG_USB_GADGET || CONFIG_USB_GADGET_MODULE)) && (CONFIG_USB_U132_HCD || CONFIG_USB_U132_HCD_MODULE))) || ((((CONFIG_USB_PHY || (CONFIG_USB || CONFIG_USB_MODULE)) || CONFIG_PCI) || (CONFIG_USB_GADGET || CONFIG_USB_GADGET_MODULE)) && (CONFIG_USB_R8A66597_HCD || CONFIG_USB_R8A66597_HCD_MODULE))) || ((((CONFIG_USB_PHY || (CONFIG_USB || CONFIG_USB_MODULE)) || CONFIG_PCI) || (CONFIG_USB_GADGET || CONFIG_USB_GADGET_MODULE)) && (CONFIG_USB_HWA_HCD || CONFIG_USB_HWA_HCD_MODULE))) || ((((CONFIG_USB_PHY || (CONFIG_USB || CONFIG_USB_MODULE)) || CONFIG_PCI) || (CONFIG_USB_GADGET || CONFIG_USB_GADGET_MODULE)) && (CONFIG_USB_IMX21_HCD || CONFIG_USB_IMX21_HCD_MODULE))) || ((((CONFIG_USB_PHY || (CONFIG_USB || CONFIG_USB_MODULE)) || CONFIG_PCI) || (CONFIG_USB_GADGET || CONFIG_USB_GADGET_MODULE)) && (CONFIG_USB_FSL_MPH_DR_OF || CONFIG_USB_FSL_MPH_DR_OF_MODULE))) || ((((CONFIG_USB_PHY || (CONFIG_USB || CONFIG_USB_MODULE)) || CONFIG_PCI) || (CONFIG_USB_GADGET || CONFIG_USB_GADGET_MODULE)) && (CONFIG_USB_FOTG210_HCD || CONFIG_USB_FOTG210_HCD_MODULE))) || ((((CONFIG_USB_PHY || (CONFIG_USB || CONFIG_USB_MODULE)) || CONFIG_PCI) || (CONFIG_USB_GADGET || CONFIG_USB_GADGET_MODULE)) && (CONFIG_USB_MAX3421_HCD || CONFIG_USB_MAX3421_HCD_MODULE))) && (CONFIG_USB_HCD_SSB || CONFIG_USB_HCD_SSB_MODULE);((((((((((((((((((((CONFIG_USB_PHY || (CONFIG_USB || CONFIG_USB_MODULE)) || CONFIG_PCI) || (CONFIG_USB_GADGET || CONFIG_USB_GADGET_MODULE)) && CONFIG_PCI) || ((((CONFIG_USB_PHY || (CONFIG_USB || CONFIG_USB_MODULE)) || CONFIG_PCI) || (CONFIG_USB_GADGET || CONFIG_USB_GADGET_MODULE)) && (CONFIG_USB_EHCI_HCD || CONFIG_USB_EHCI_HCD_MODULE))) || ((((CONFIG_USB_PHY || (CONFIG_USB || CONFIG_USB_MODULE)) || CONFIG_PCI) || (CONFIG_USB_GADGET || CONFIG_USB_GADGET_MODULE)) && (CONFIG_USB_ISP116X_HCD || CONFIG_USB_ISP116X_HCD_MODULE))) || ((((CONFIG_USB_PHY || (CONFIG_USB || CONFIG_USB_MODULE)) || CONFIG_PCI) || (CONFIG_USB_GADGET || CONFIG_USB_GADGET_MODULE)) && (CONFIG_USB_OHCI_HCD || CONFIG_USB_OHCI_HCD_MODULE))) || ((((CONFIG_USB_PHY || (CONFIG_USB || CONFIG_USB_MODULE)) || CONFIG_PCI) || (CONFIG_USB_GADGET || CONFIG_USB_GADGET_MODULE)) && (CONFIG_USB_UHCI_HCD || CONFIG_USB_UHCI_HCD_MODULE))) || ((((CONFIG_USB_PHY || (CONFIG_USB || CONFIG_USB_MODULE)) || CONFIG_PCI) || (CONFIG_USB_GADGET || CONFIG_USB_GADGET_MODULE)) && (CONFIG_USB_FHCI_HCD || CONFIG_USB_FHCI_HCD_MODULE))) || ((((CONFIG_USB_PHY || (CONFIG_USB || CONFIG_USB_MODULE)) || CONFIG_PCI) || (CONFIG_USB_GADGET || CONFIG_USB_GADGET_MODULE)) && (CONFIG_USB_XHCI_HCD || CONFIG_USB_XHCI_HCD_MODULE))) || ((((CONFIG_USB_PHY || (CONFIG_USB || CONFIG_USB_MODULE)) || CONFIG_PCI) || (CONFIG_USB_GADGET || CONFIG_USB_GADGET_MODULE)) && (CONFIG_USB_SL811_HCD || CONFIG_USB_SL811_HCD_MODULE))) || ((((CONFIG_USB_PHY || (CONFIG_USB || CONFIG_USB_MODULE)) || CONFIG_PCI) || (CONFIG_USB_GADGET || CONFIG_USB_GADGET_MODULE)) && (CONFIG_USB_ISP1362_HCD || CONFIG_USB_ISP1362_HCD_MODULE))) || ((((CONFIG_USB_PHY || (CONFIG_USB || CONFIG_USB_MODULE)) || CONFIG_PCI) || (CONFIG_USB_GADGET || CONFIG_USB_GADGET_MODULE)) && (CONFIG_USB_U132_HCD || CONFIG_USB_U132_HCD_MODULE))) || ((((CONFIG_USB_PHY || (CONFIG_USB || CONFIG_USB_MODULE)) || CONFIG_PCI) || (CONFIG_USB_GADGET || CONFIG_USB_GADGET_MODULE)) && (CONFIG_USB_R8A66597_HCD || CONFIG_USB_R8A66597_HCD_MODULE))) || ((((CONFIG_USB_PHY || (CONFIG_USB || CONFIG_USB_MODULE)) || CONFIG_PCI) || (CONFIG_USB_GADGET || CONFIG_USB_GADGET_MODULE)) && (CONFIG_USB_HWA_HCD || CONFIG_USB_HWA_HCD_MODULE))) || ((((CONFIG_USB_PHY || (CONFIG_USB || CONFIG_USB_MODULE)) || CONFIG_PCI) || (CONFIG_USB_GADGET || CONFIG_USB_GADGET_MODULE)) && (CONFIG_USB_IMX21_HCD || CONFIG_USB_IMX21_HCD_MODULE))) || ((((CONFIG_USB_PHY || (CONFIG_USB || CONFIG_USB_MODULE)) || CONFIG_PCI) || (CONFIG_USB_GADGET || CONFIG_USB_GADGET_MODULE)) && (CONFIG_USB_FSL_MPH_DR_OF || CONFIG_USB_FSL_MPH_DR_OF_MODULE))) || ((((CONFIG_USB_PHY || (CONFIG_USB || CONFIG_USB_MODULE)) || CONFIG_PCI) || (CONFIG_USB_GADGET || CONFIG_USB_GADGET_MODULE)) && (CONFIG_USB_FOTG210_HCD || CONFIG_USB_FOTG210_HCD_MODULE))) || ((((CONFIG_USB_PHY || (CONFIG_USB || CONFIG_USB_MODULE)) || CONFIG_PCI) || (CONFIG_USB_GADGET || CONFIG_USB_GADGET_MODULE)) && (CONFIG_USB_MAX3421_HCD || CONFIG_USB_MAX3421_HCD_MODULE))) && (CONFIG_USB_HCD_SSB || CONFIG_USB_HCD_SSB_MODULE)) && ((CONFIG_PM || !CONFIG_PM) || CONFIG_SSB_DRIVER_MIPS)
CONFIG_XEN_HAVE_VPMU;(CONFIG_XEN && CONFIG_XEN_SYS_HYPERVISOR) && CONFIG_XEN_HAVE_VPMU
CONFIG_ARCH_HAVE_NMI_SAFE_CMPXCHG;CONFIG_GENERIC_ALLOCATOR && !CONFIG_ARCH_HAVE_NMI_SAFE_CMPXCHG;((CONFIG_ACPI && CONFIG_ACPI_APEI) && CONFIG_ACPI_APEI_GHES) && (CONFIG_ARCH_HAVE_NMI_SAFE_CMPXCHG && CONFIG_HAVE_ACPI_APEI_NMI)
CONFIG_TUN_VNET_CROSS_LE;(CONFIG_TUN || CONFIG_TUN_MODULE) && (CONFIG_TUN_VNET_CROSS_LE || !CONFIG_TUN_VNET_CROSS_LE);(CONFIG_MACVTAP || CONFIG_MACVTAP_MODULE) && (CONFIG_TUN_VNET_CROSS_LE || !CONFIG_TUN_VNET_CROSS_LE)
CONFIG_USB_HCD_SSB_MODULE;(((((((((((((((((((CONFIG_USB_PHY || (CONFIG_USB || CONFIG_USB_MODULE)) || CONFIG_PCI) || (CONFIG_USB_GADGET || CONFIG_USB_GADGET_MODULE)) && CONFIG_PCI) || ((((CONFIG_USB_PHY || (CONFIG_USB || CONFIG_USB_MODULE)) || CONFIG_PCI) || (CONFIG_USB_GADGET || CONFIG_USB_GADGET_MODULE)) && (CONFIG_USB_EHCI_HCD || CONFIG_USB_EHCI_HCD_MODULE))) || ((((CONFIG_USB_PHY || (CONFIG_USB || CONFIG_USB_MODULE)) || CONFIG_PCI) || (CONFIG_USB_GADGET || CONFIG_USB_GADGET_MODULE)) && (CONFIG_USB_ISP116X_HCD || CONFIG_USB_ISP116X_HCD_MODULE))) || ((((CONFIG_USB_PHY || (CONFIG_USB || CONFIG_USB_MODULE)) || CONFIG_PCI) || (CONFIG_USB_GADGET || CONFIG_USB_GADGET_MODULE)) && (CONFIG_USB_OHCI_HCD || CONFIG_USB_OHCI_HCD_MODULE))) || ((((CONFIG_USB_PHY || (CONFIG_USB || CONFIG_USB_MODULE)) || CONFIG_PCI) || (CONFIG_USB_GADGET || CONFIG_USB_GADGET_MODULE)) && (CONFIG_USB_UHCI_HCD || CONFIG_USB_UHCI_HCD_MODULE))) || ((((CONFIG_USB_PHY || (CONFIG_USB || CONFIG_USB_MODULE)) || CONFIG_PCI) || (CONFIG_USB_GADGET || CONFIG_USB_GADGET_MODULE)) && (CONFIG_USB_FHCI_HCD || CONFIG_USB_FHCI_HCD_MODULE))) || ((((CONFIG_USB_PHY || (CONFIG_USB || CONFIG_USB_MODULE)) || CONFIG_PCI) || (CONFIG_USB_GADGET || CONFIG_USB_GADGET_MODULE)) && (CONFIG_USB_XHCI_HCD || CONFIG_USB_XHCI_HCD_MODULE))) || ((((CONFIG_USB_PHY || (CONFIG_USB || CONFIG_USB_MODULE)) || CONFIG_PCI) || (CONFIG_USB_GADGET || CONFIG_USB_GADGET_MODULE)) && (CONFIG_USB_SL811_HCD || CONFIG_USB_SL811_HCD_MODULE))) || ((((CONFIG_USB_PHY || (CONFIG_USB || CONFIG_USB_MODULE)) || CONFIG_PCI) || (CONFIG_USB_GADGET || CONFIG_USB_GADGET_MODULE)) && (CONFIG_USB_ISP1362_HCD || CONFIG_USB_ISP1362_HCD_MODULE))) || ((((CONFIG_USB_PHY || (CONFIG_USB || CONFIG_USB_MODULE)) || CONFIG_PCI) || (CONFIG_USB_GADGET || CONFIG_USB_GADGET_MODULE)) && (CONFIG_USB_U132_HCD || CONFIG_USB_U132_HCD_MODULE))) || ((((CONFIG_USB_PHY || (CONFIG_USB || CONFIG_USB_MODULE)) || CONFIG_PCI) || (CONFIG_USB_GADGET || CONFIG_USB_GADGET_MODULE)) && (CONFIG_USB_R8A66597_HCD || CONFIG_USB_R8A66597_HCD_MODULE))) || ((((CONFIG_USB_PHY || (CONFIG_USB || CONFIG_USB_MODULE)) || CONFIG_PCI) || (CONFIG_USB_GADGET || CONFIG_USB_GADGET_MODULE)) && (CONFIG_USB_HWA_HCD || CONFIG_USB_HWA_HCD_MODULE))) || ((((CONFIG_USB_PHY || (CONFIG_USB || CONFIG_USB_MODULE)) || CONFIG_PCI) || (CONFIG_USB_GADGET || CONFIG_USB_GADGET_MODULE)) && (CONFIG_USB_IMX21_HCD || CONFIG_USB_IMX21_HCD_MODULE))) || ((((CONFIG_USB_PHY || (CONFIG_USB || CONFIG_USB_MODULE)) || CONFIG_PCI) || (CONFIG_USB_GADGET || CONFIG_USB_GADGET_MODULE)) && (CONFIG_USB_FSL_MPH_DR_OF || CONFIG_USB_FSL_MPH_DR_OF_MODULE))) || ((((CONFIG_USB_PHY || (CONFIG_USB || CONFIG_USB_MODULE)) || CONFIG_PCI) || (CONFIG_USB_GADGET || CONFIG_USB_GADGET_MODULE)) && (CONFIG_USB_FOTG210_HCD || CONFIG_USB_FOTG210_HCD_MODULE))) || ((((CONFIG_USB_PHY || (CONFIG_USB || CONFIG_USB_MODULE)) || CONFIG_PCI) || (CONFIG_USB_GADGET || CONFIG_USB_GADGET_MODULE)) && (CONFIG_USB_MAX3421_HCD || CONFIG_USB_MAX3421_HCD_MODULE))) && (CONFIG_USB_HCD_SSB || CONFIG_USB_HCD_SSB_MODULE);((((((((((((((((((((CONFIG_USB_PHY || (CONFIG_USB || CONFIG_USB_MODULE)) || CONFIG_PCI) || (CONFIG_USB_GADGET || CONFIG_USB_GADGET_MODULE)) && CONFIG_PCI) || ((((CONFIG_USB_PHY || (CONFIG_USB || CONFIG_USB_MODULE)) || CONFIG_PCI) || (CONFIG_USB_GADGET || CONFIG_USB_GADGET_MODULE)) && (CONFIG_USB_EHCI_HCD || CONFIG_USB_EHCI_HCD_MODULE))) || ((((CONFIG_USB_PHY || (CONFIG_USB || CONFIG_USB_MODULE)) || CONFIG_PCI) || (CONFIG_USB_GADGET || CONFIG_USB_GADGET_MODULE)) && (CONFIG_USB_ISP116X_HCD || CONFIG_USB_ISP116X_HCD_MODULE))) || ((((CONFIG_USB_PHY || (CONFIG_USB || CONFIG_USB_MODULE)) || CONFIG_PCI) || (CONFIG_USB_GADGET || CONFIG_USB_GADGET_MODULE)) && (CONFIG_USB_OHCI_HCD || CONFIG_USB_OHCI_HCD_MODULE))) || ((((CONFIG_USB_PHY || (CONFIG_USB || CONFIG_USB_MODULE)) || CONFIG_PCI) || (CONFIG_USB_GADGET || CONFIG_USB_GADGET_MODULE)) && (CONFIG_USB_UHCI_HCD || CONFIG_USB_UHCI_HCD_MODULE))) || ((((CONFIG_USB_PHY || (CONFIG_USB || CONFIG_USB_MODULE)) || CONFIG_PCI) || (CONFIG_USB_GADGET || CONFIG_USB_GADGET_MODULE)) && (CONFIG_USB_FHCI_HCD || CONFIG_USB_FHCI_HCD_MODULE))) || ((((CONFIG_USB_PHY || (CONFIG_USB || CONFIG_USB_MODULE)) || CONFIG_PCI) || (CONFIG_USB_GADGET || CONFIG_USB_GADGET_MODULE)) && (CONFIG_USB_XHCI_HCD || CONFIG_USB_XHCI_HCD_MODULE))) || ((((CONFIG_USB_PHY || (CONFIG_USB || CONFIG_USB_MODULE)) || CONFIG_PCI) || (CONFIG_USB_GADGET || CONFIG_USB_GADGET_MODULE)) && (CONFIG_USB_SL811_HCD || CONFIG_USB_SL811_HCD_MODULE))) || ((((CONFIG_USB_PHY || (CONFIG_USB || CONFIG_USB_MODULE)) || CONFIG_PCI) || (CONFIG_USB_GADGET || CONFIG_USB_GADGET_MODULE)) && (CONFIG_USB_ISP1362_HCD || CONFIG_USB_ISP1362_HCD_MODULE))) || ((((CONFIG_USB_PHY || (CONFIG_USB || CONFIG_USB_MODULE)) || CONFIG_PCI) || (CONFIG_USB_GADGET || CONFIG_USB_GADGET_MODULE)) && (CONFIG_USB_U132_HCD || CONFIG_USB_U132_HCD_MODULE))) || ((((CONFIG_USB_PHY || (CONFIG_USB || CONFIG_USB_MODULE)) || CONFIG_PCI) || (CONFIG_USB_GADGET || CONFIG_USB_GADGET_MODULE)) && (CONFIG_USB_R8A66597_HCD || CONFIG_USB_R8A66597_HCD_MODULE))) || ((((CONFIG_USB_PHY || (CONFIG_USB || CONFIG_USB_MODULE)) || CONFIG_PCI) || (CONFIG_USB_GADGET || CONFIG_USB_GADGET_MODULE)) && (CONFIG_USB_HWA_HCD || CONFIG_USB_HWA_HCD_MODULE))) || ((((CONFIG_USB_PHY || (CONFIG_USB || CONFIG_USB_MODULE)) || CONFIG_PCI) || (CONFIG_USB_GADGET || CONFIG_USB_GADGET_MODULE)) && (CONFIG_USB_IMX21_HCD || CONFIG_USB_IMX21_HCD_MODULE))) || ((((CONFIG_USB_PHY || (CONFIG_USB || CONFIG_USB_MODULE)) || CONFIG_PCI) || (CONFIG_USB_GADGET || CONFIG_USB_GADGET_MODULE)) && (CONFIG_USB_FSL_MPH_DR_OF || CONFIG_USB_FSL_MPH_DR_OF_MODULE))) || ((((CONFIG_USB_PHY || (CONFIG_USB || CONFIG_USB_MODULE)) || CONFIG_PCI) || (CONFIG_USB_GADGET || CONFIG_USB_GADGET_MODULE)) && (CONFIG_USB_FOTG210_HCD || CONFIG_USB_FOTG210_HCD_MODULE))) || ((((CONFIG_USB_PHY || (CONFIG_USB || CONFIG_USB_MODULE)) || CONFIG_PCI) || (CONFIG_USB_GADGET || CONFIG_USB_GADGET_MODULE)) && (CONFIG_USB_MAX3421_HCD || CONFIG_USB_MAX3421_HCD_MODULE))) && (CONFIG_USB_HCD_SSB || CONFIG_USB_HCD_SSB_MODULE)) && ((CONFIG_PM || !CONFIG_PM) || CONFIG_SSB_DRIVER_MIPS)
CONFIG_HAVE_CMPXCHG_DOUBLE;(CONFIG_IOMMU_SUPPORT && CONFIG_IRQ_REMAP) && CONFIG_HAVE_CMPXCHG_DOUBLE;CONFIG_SLUB && (CONFIG_HAVE_CMPXCHG_DOUBLE && CONFIG_HAVE_ALIGNED_STRUCT_PAGE)
CONFIG_FUSION_LOGGING;((((CONFIG_FUSION && CONFIG_FUSION) && (CONFIG_FUSION_SPI || CONFIG_FUSION_SPI_MODULE)) || ((CONFIG_FUSION && CONFIG_FUSION) && (CONFIG_FUSION_FC || CONFIG_FUSION_FC_MODULE))) || ((CONFIG_FUSION && CONFIG_FUSION) && (CONFIG_FUSION_SAS || CONFIG_FUSION_SAS_MODULE))) && CONFIG_FUSION_LOGGING
CONFIG_USB_HCD_BCMA_MODULE;(((((((((((((((((((CONFIG_USB_PHY || (CONFIG_USB || CONFIG_USB_MODULE)) || CONFIG_PCI) || (CONFIG_USB_GADGET || CONFIG_USB_GADGET_MODULE)) && CONFIG_PCI) || ((((CONFIG_USB_PHY || (CONFIG_USB || CONFIG_USB_MODULE)) || CONFIG_PCI) || (CONFIG_USB_GADGET || CONFIG_USB_GADGET_MODULE)) && (CONFIG_USB_EHCI_HCD || CONFIG_USB_EHCI_HCD_MODULE))) || ((((CONFIG_USB_PHY || (CONFIG_USB || CONFIG_USB_MODULE)) || CONFIG_PCI) || (CONFIG_USB_GADGET || CONFIG_USB_GADGET_MODULE)) && (CONFIG_USB_ISP116X_HCD || CONFIG_USB_ISP116X_HCD_MODULE))) || ((((CONFIG_USB_PHY || (CONFIG_USB || CONFIG_USB_MODULE)) || CONFIG_PCI) || (CONFIG_USB_GADGET || CONFIG_USB_GADGET_MODULE)) && (CONFIG_USB_OHCI_HCD || CONFIG_USB_OHCI_HCD_MODULE))) || ((((CONFIG_USB_PHY || (CONFIG_USB || CONFIG_USB_MODULE)) || CONFIG_PCI) || (CONFIG_USB_GADGET || CONFIG_USB_GADGET_MODULE)) && (CONFIG_USB_UHCI_HCD || CONFIG_USB_UHCI_HCD_MODULE))) || ((((CONFIG_USB_PHY || (CONFIG_USB || CONFIG_USB_MODULE)) || CONFIG_PCI) || (CONFIG_USB_GADGET || CONFIG_USB_GADGET_MODULE)) && (CONFIG_USB_FHCI_HCD || CONFIG_USB_FHCI_HCD_MODULE))) || ((((CONFIG_USB_PHY || (CONFIG_USB || CONFIG_USB_MODULE)) || CONFIG_PCI) || (CONFIG_USB_GADGET || CONFIG_USB_GADGET_MODULE)) && (CONFIG_USB_XHCI_HCD || CONFIG_USB_XHCI_HCD_MODULE))) || ((((CONFIG_USB_PHY || (CONFIG_USB || CONFIG_USB_MODULE)) || CONFIG_PCI) || (CONFIG_USB_GADGET || CONFIG_USB_GADGET_MODULE)) && (CONFIG_USB_SL811_HCD || CONFIG_USB_SL811_HCD_MODULE))) || ((((CONFIG_USB_PHY || (CONFIG_USB || CONFIG_USB_MODULE)) || CONFIG_PCI) || (CONFIG_USB_GADGET || CONFIG_USB_GADGET_MODULE)) && (CONFIG_USB_ISP1362_HCD || CONFIG_USB_ISP1362_HCD_MODULE))) || ((((CONFIG_USB_PHY || (CONFIG_USB || CONFIG_USB_MODULE)) || CONFIG_PCI) || (CONFIG_USB_GADGET || CONFIG_USB_GADGET_MODULE)) && (CONFIG_USB_U132_HCD || CONFIG_USB_U132_HCD_MODULE))) || ((((CONFIG_USB_PHY || (CONFIG_USB || CONFIG_USB_MODULE)) || CONFIG_PCI) || (CONFIG_USB_GADGET || CONFIG_USB_GADGET_MODULE)) && (CONFIG_USB_R8A66597_HCD || CONFIG_USB_R8A66597_HCD_MODULE))) || ((((CONFIG_USB_PHY || (CONFIG_USB || CONFIG_USB_MODULE)) || CONFIG_PCI) || (CONFIG_USB_GADGET || CONFIG_USB_GADGET_MODULE)) && (CONFIG_USB_HWA_HCD || CONFIG_USB_HWA_HCD_MODULE))) || ((((CONFIG_USB_PHY || (CONFIG_USB || CONFIG_USB_MODULE)) || CONFIG_PCI) || (CONFIG_USB_GADGET || CONFIG_USB_GADGET_MODULE)) && (CONFIG_USB_IMX21_HCD || CONFIG_USB_IMX21_HCD_MODULE))) || ((((CONFIG_USB_PHY || (CONFIG_USB || CONFIG_USB_MODULE)) || CONFIG_PCI) || (CONFIG_USB_GADGET || CONFIG_USB_GADGET_MODULE)) && (CONFIG_USB_FSL_MPH_DR_OF || CONFIG_USB_FSL_MPH_DR_OF_MODULE))) || ((((CONFIG_USB_PHY || (CONFIG_USB || CONFIG_USB_MODULE)) || CONFIG_PCI) || (CONFIG_USB_GADGET || CONFIG_USB_GADGET_MODULE)) && (CONFIG_USB_FOTG210_HCD || CONFIG_USB_FOTG210_HCD_MODULE))) || ((((CONFIG_USB_PHY || (CONFIG_USB || CONFIG_USB_MODULE)) || CONFIG_PCI) || (CONFIG_USB_GADGET || CONFIG_USB_GADGET_MODULE)) && (CONFIG_USB_MAX3421_HCD || CONFIG_USB_MAX3421_HCD_MODULE))) && (CONFIG_USB_HCD_BCMA || CONFIG_USB_HCD_BCMA_MODULE);((((((((((((((((((((CONFIG_USB_PHY || (CONFIG_USB || CONFIG_USB_MODULE)) || CONFIG_PCI) || (CONFIG_USB_GADGET || CONFIG_USB_GADGET_MODULE)) && CONFIG_PCI) || ((((CONFIG_USB_PHY || (CONFIG_USB || CONFIG_USB_MODULE)) || CONFIG_PCI) || (CONFIG_USB_GADGET || CONFIG_USB_GADGET_MODULE)) && (CONFIG_USB_EHCI_HCD || CONFIG_USB_EHCI_HCD_MODULE))) || ((((CONFIG_USB_PHY || (CONFIG_USB || CONFIG_USB_MODULE)) || CONFIG_PCI) || (CONFIG_USB_GADGET || CONFIG_USB_GADGET_MODULE)) && (CONFIG_USB_ISP116X_HCD || CONFIG_USB_ISP116X_HCD_MODULE))) || ((((CONFIG_USB_PHY || (CONFIG_USB || CONFIG_USB_MODULE)) || CONFIG_PCI) || (CONFIG_USB_GADGET || CONFIG_USB_GADGET_MODULE)) && (CONFIG_USB_OHCI_HCD || CONFIG_USB_OHCI_HCD_MODULE))) || ((((CONFIG_USB_PHY || (CONFIG_USB || CONFIG_USB_MODULE)) || CONFIG_PCI) || (CONFIG_USB_GADGET || CONFIG_USB_GADGET_MODULE)) && (CONFIG_USB_UHCI_HCD || CONFIG_USB_UHCI_HCD_MODULE))) || ((((CONFIG_USB_PHY || (CONFIG_USB || CONFIG_USB_MODULE)) || CONFIG_PCI) || (CONFIG_USB_GADGET || CONFIG_USB_GADGET_MODULE)) && (CONFIG_USB_FHCI_HCD || CONFIG_USB_FHCI_HCD_MODULE))) || ((((CONFIG_USB_PHY || (CONFIG_USB || CONFIG_USB_MODULE)) || CONFIG_PCI) || (CONFIG_USB_GADGET || CONFIG_USB_GADGET_MODULE)) && (CONFIG_USB_XHCI_HCD || CONFIG_USB_XHCI_HCD_MODULE))) || ((((CONFIG_USB_PHY || (CONFIG_USB || CONFIG_USB_MODULE)) || CONFIG_PCI) || (CONFIG_USB_GADGET || CONFIG_USB_GADGET_MODULE)) && (CONFIG_USB_SL811_HCD || CONFIG_USB_SL811_HCD_MODULE))) || ((((CONFIG_USB_PHY || (CONFIG_USB || CONFIG_USB_MODULE)) || CONFIG_PCI) || (CONFIG_USB_GADGET || CONFIG_USB_GADGET_MODULE)) && (CONFIG_USB_ISP1362_HCD || CONFIG_USB_ISP1362_HCD_MODULE))) || ((((CONFIG_USB_PHY || (CONFIG_USB || CONFIG_USB_MODULE)) || CONFIG_PCI) || (CONFIG_USB_GADGET || CONFIG_USB_GADGET_MODULE)) && (CONFIG_USB_U132_HCD || CONFIG_USB_U132_HCD_MODULE))) || ((((CONFIG_USB_PHY || (CONFIG_USB || CONFIG_USB_MODULE)) || CONFIG_PCI) || (CONFIG_USB_GADGET || CONFIG_USB_GADGET_MODULE)) && (CONFIG_USB_R8A66597_HCD || CONFIG_USB_R8A66597_HCD_MODULE))) || ((((CONFIG_USB_PHY || (CONFIG_USB || CONFIG_USB_MODULE)) || CONFIG_PCI) || (CONFIG_USB_GADGET || CONFIG_USB_GADGET_MODULE)) && (CONFIG_USB_HWA_HCD || CONFIG_USB_HWA_HCD_MODULE))) || ((((CONFIG_USB_PHY || (CONFIG_USB || CONFIG_USB_MODULE)) || CONFIG_PCI) || (CONFIG_USB_GADGET || CONFIG_USB_GADGET_MODULE)) && (CONFIG_USB_IMX21_HCD || CONFIG_USB_IMX21_HCD_MODULE))) || ((((CONFIG_USB_PHY || (CONFIG_USB || CONFIG_USB_MODULE)) || CONFIG_PCI) || (CONFIG_USB_GADGET || CONFIG_USB_GADGET_MODULE)) && (CONFIG_USB_FSL_MPH_DR_OF || CONFIG_USB_FSL_MPH_DR_OF_MODULE))) || ((((CONFIG_USB_PHY || (CONFIG_USB || CONFIG_USB_MODULE)) || CONFIG_PCI) || (CONFIG_USB_GADGET || CONFIG_USB_GADGET_MODULE)) && (CONFIG_USB_FOTG210_HCD || CONFIG_USB_FOTG210_HCD_MODULE))) || ((((CONFIG_USB_PHY || (CONFIG_USB || CONFIG_USB_MODULE)) || CONFIG_PCI) || (CONFIG_USB_GADGET || CONFIG_USB_GADGET_MODULE)) && (CONFIG_USB_MAX3421_HCD || CONFIG_USB_MAX3421_HCD_MODULE))) && (CONFIG_USB_HCD_BCMA || CONFIG_USB_HCD_BCMA_MODULE)) && ((CONFIG_PM || !CONFIG_PM) || CONFIG_BCMA_DRIVER_MIPS)
CONFIG_BCMA_BLOCKIO;CONFIG_BCMA_BLOCKIO && ((((CONFIG_BCMA || CONFIG_BCMA_MODULE) && (CONFIG_BCMA || CONFIG_BCMA_MODULE)) && CONFIG_BCMA_HOST_PCI) || (((CONFIG_BCMA || CONFIG_BCMA_MODULE) && (CONFIG_BCMA || CONFIG_BCMA_MODULE)) && CONFIG_BCMA_HOST_SOC))
CONFIG_APM_DISPLAY_BLANK;(CONFIG_APM || CONFIG_APM_MODULE) && (CONFIG_APM_DISPLAY_BLANK && CONFIG_VT)
CONFIG_PREEMPT_NONE;(((((CONFIG_FUNCTION_TRACER || CONFIG_TRACING) || CONFIG_TRACE_CLOCK) || CONFIG_RING_BUFFER) || CONFIG_TRACEPOINTS) && CONFIG_TRACING) && (((CONFIG_PREEMPT_NONE || (!CONFIG_PREEMPT_NONE && CONFIG_PREEMPT_VOLUNTARY)) || (!CONFIG_PREEMPT_NONE && (!CONFIG_PREEMPT_VOLUNTARY && CONFIG_PREEMPT))) || (!CONFIG_PREEMPT_NONE && (!CONFIG_PREEMPT_VOLUNTARY && !CONFIG_PREEMPT)))
CONFIG_SCSI_DH;((CONFIG_SCSI || CONFIG_SCSI_MODULE) && CONFIG_SCSI_DH) && ((((CONFIG_SCSI_DH_EMC || CONFIG_SCSI_DH_EMC_MODULE) || (CONFIG_SCSI_DH_ALUA || CONFIG_SCSI_DH_ALUA_MODULE)) || (CONFIG_SCSI_DH_RDAC || CONFIG_SCSI_DH_RDAC_MODULE)) || (CONFIG_SCSI_DH_HP_SW || CONFIG_SCSI_DH_HP_SW_MODULE))
CONFIG_RING_BUFFER_ALLOW_SWAP;(((((CONFIG_FUNCTION_TRACER || CONFIG_TRACING) || CONFIG_TRACE_CLOCK) || CONFIG_RING_BUFFER) || CONFIG_TRACEPOINTS) && CONFIG_RING_BUFFER) && CONFIG_RING_BUFFER_ALLOW_SWAP;(((((CONFIG_FUNCTION_TRACER || CONFIG_TRACING) || CONFIG_TRACE_CLOCK) || CONFIG_RING_BUFFER) || CONFIG_TRACEPOINTS) && CONFIG_TRACING) && (((CONFIG_RING_BUFFER_ALLOW_SWAP && CONFIG_TRACER_MAX_TRACE) || (!CONFIG_RING_BUFFER_ALLOW_SWAP && CONFIG_TRACER_SNAPSHOT)) || (!CONFIG_RING_BUFFER_ALLOW_SWAP && CONFIG_TRACER_MAX_TRACE))
CONFIG_CHROME_PLATFORMS;CONFIG_CHROME_PLATFORMS && ((((CONFIG_CROS_EC_PROTO || (CONFIG_CROS_EC_LPC || CONFIG_CROS_EC_LPC_MODULE)) || (CONFIG_CHROMEOS_PSTORE || CONFIG_CHROMEOS_PSTORE_MODULE)) || (CONFIG_CROS_EC_CHARDEV || CONFIG_CROS_EC_CHARDEV_MODULE)) || (CONFIG_CHROMEOS_LAPTOP || CONFIG_CHROMEOS_LAPTOP_MODULE))
CONFIG_VIDEO_SAMSUNG_EXYNOS4_IS;CONFIG_VIDEO_SAMSUNG_EXYNOS4_IS && (((((CONFIG_VIDEO_S5P_FIMC || CONFIG_VIDEO_S5P_FIMC_MODULE) || (CONFIG_VIDEO_S5P_MIPI_CSIS || CONFIG_VIDEO_S5P_MIPI_CSIS_MODULE)) || (CONFIG_VIDEO_EXYNOS4_FIMC_IS || CONFIG_VIDEO_EXYNOS4_FIMC_IS_MODULE)) || (CONFIG_VIDEO_EXYNOS_FIMC_LITE || CONFIG_VIDEO_EXYNOS_FIMC_LITE_MODULE)) || (CONFIG_VIDEO_EXYNOS4_IS_COMMON || CONFIG_VIDEO_EXYNOS4_IS_COMMON_MODULE))
CONFIG_SCSI_PROC_FS;((CONFIG_SCSI || CONFIG_SCSI_MODULE) && (CONFIG_CHR_DEV_SG || CONFIG_CHR_DEV_SG_MODULE)) && CONFIG_SCSI_PROC_FS
CONFIG_PREEMPT_VOLUNTARY;(CONFIG_MD && (CONFIG_DM_BUFIO || CONFIG_DM_BUFIO_MODULE)) && (CONFIG_PREEMPT_VOLUNTARY || !CONFIG_PREEMPT_VOLUNTARY);(((((CONFIG_FUNCTION_TRACER || CONFIG_TRACING) || CONFIG_TRACE_CLOCK) || CONFIG_RING_BUFFER) || CONFIG_TRACEPOINTS) && CONFIG_TRACING) && (((!CONFIG_PREEMPT_NONE && CONFIG_PREEMPT_VOLUNTARY) || (!CONFIG_PREEMPT_NONE && (!CONFIG_PREEMPT_VOLUNTARY && CONFIG_PREEMPT))) || (!CONFIG_PREEMPT_NONE && (!CONFIG_PREEMPT_VOLUNTARY && !CONFIG_PREEMPT)))
CONFIG_HAVE_ARCH_SECCOMP_FILTER;CONFIG_SECCOMP && (((CONFIG_HAVE_ARCH_SECCOMP_FILTER || !CONFIG_HAVE_ARCH_SECCOMP_FILTER) || !!CONFIG_HAVE_ARCH_SECCOMP_FILTER) || (CONFIG_SECCOMP_FILTER && !!CONFIG_HAVE_ARCH_SECCOMP_FILTER))
CONFIG_PCI_LABEL;CONFIG_PCI && CONFIG_PCI_LABEL;(CONFIG_PCI && CONFIG_PCI_LABEL) && (((CONFIG_DMI || CONFIG_ACPI) || !CONFIG_DMI) || !CONFIG_ACPI)
CONFIG_RCU_TRACE;(CONFIG_TREE_RCU || CONFIG_PREEMPT_RCU) || CONFIG_RCU_TRACE;!((CONFIG_TREE_RCU || CONFIG_PREEMPT_RCU) || CONFIG_RCU_TRACE);CONFIG_TINY_RCU && (CONFIG_DEBUG_LOCK_ALLOC || CONFIG_RCU_TRACE);(CONFIG_RCU_TORTURE_TEST || CONFIG_RCU_TORTURE_TEST_MODULE) && (CONFIG_RCU_TRACE || !CONFIG_RCU_TRACE)
CONFIG_VIDEO_FIXED_MINOR_RANGES;((CONFIG_VIDEO_DEV || CONFIG_VIDEO_DEV_MODULE) && (CONFIG_VIDEO_V4L2 || CONFIG_VIDEO_V4L2_MODULE)) && (CONFIG_VIDEO_FIXED_MINOR_RANGES || !CONFIG_VIDEO_FIXED_MINOR_RANGES)
CONFIG_VIDEO_SAMSUNG_S5P_TV;CONFIG_VIDEO_SAMSUNG_S5P_TV && (((((CONFIG_VIDEO_SAMSUNG_S5P_SDO || CONFIG_VIDEO_SAMSUNG_S5P_SDO_MODULE) || (CONFIG_VIDEO_SAMSUNG_S5P_HDMI || CONFIG_VIDEO_SAMSUNG_S5P_HDMI_MODULE)) || (CONFIG_VIDEO_SAMSUNG_S5P_MIXER || CONFIG_VIDEO_SAMSUNG_S5P_MIXER_MODULE)) || (CONFIG_VIDEO_SAMSUNG_S5P_SII9234 || CONFIG_VIDEO_SAMSUNG_S5P_SII9234_MODULE)) || (CONFIG_VIDEO_SAMSUNG_S5P_HDMIPHY || CONFIG_VIDEO_SAMSUNG_S5P_HDMIPHY_MODULE))
CONFIG_SERIAL_8250_DMA;((CONFIG_SERIAL_8250 || CONFIG_SERIAL_8250_MODULE) && (CONFIG_SERIAL_8250_OMAP || CONFIG_SERIAL_8250_OMAP_MODULE)) && (CONFIG_SERIAL_8250_DMA || !CONFIG_SERIAL_8250_DMA)
CONFIG_HISAX_DEBUG;((CONFIG_ISDN && (CONFIG_ISDN_DRV_HISAX || CONFIG_ISDN_DRV_HISAX_MODULE)) && (CONFIG_HISAX_HFCUSB || CONFIG_HISAX_HFCUSB_MODULE)) && (CONFIG_HISAX_DEBUG || !CONFIG_HISAX_DEBUG);((CONFIG_ISDN && (CONFIG_ISDN_DRV_HISAX || CONFIG_ISDN_DRV_HISAX_MODULE)) && (CONFIG_HISAX_FRITZ_PCIPNP || CONFIG_HISAX_FRITZ_PCIPNP_MODULE)) && (CONFIG_HISAX_DEBUG || !CONFIG_HISAX_DEBUG)
CONFIG_NET_VENDOR_HISILICON;(CONFIG_ETHERNET && CONFIG_NET_VENDOR_HISILICON) && (((CONFIG_HNS_MDIO || CONFIG_HNS_MDIO_MODULE) || (CONFIG_HIP04_ETH || CONFIG_HIP04_ETH_MODULE)) || (CONFIG_HIX5HD2_GMAC || CONFIG_HIX5HD2_GMAC_MODULE));((CONFIG_ETHERNET && CONFIG_NET_VENDOR_HISILICON) && (CONFIG_HNS || CONFIG_HNS_MODULE)) && (((CONFIG_HNS || CONFIG_HNS_MODULE) || (CONFIG_HNS_ENET || CONFIG_HNS_ENET_MODULE)) || (CONFIG_HNS_DSAF || CONFIG_HNS_DSAF_MODULE))
CONFIG_NET_VENDOR_QUALCOMM;(CONFIG_ETHERNET && CONFIG_NET_VENDOR_QUALCOMM) && (CONFIG_QCA7000 || CONFIG_QCA7000_MODULE);((CONFIG_ETHERNET && CONFIG_NET_VENDOR_QUALCOMM) && (CONFIG_QCA7000 || CONFIG_QCA7000_MODULE)) && (CONFIG_DEBUG_FS || !CONFIG_DEBUG_FS)
CONFIG_RCU_BOOST;CONFIG_TREE_RCU_TRACE && CONFIG_RCU_BOOST;(CONFIG_RCU_TORTURE_TEST || CONFIG_RCU_TORTURE_TEST_MODULE) && ((CONFIG_RCU_BOOST && !CONFIG_HOTPLUG_CPU) || !(CONFIG_RCU_BOOST && !CONFIG_HOTPLUG_CPU))
CONFIG_NF_CONNTRACK_LABELS;CONFIG_NF_CONNTRACK_LABELS && ((CONFIG_NETFILTER && (CONFIG_NFT_CT || CONFIG_NFT_CT_MODULE)) || (CONFIG_NETFILTER && (CONFIG_NF_CT_NETLINK || CONFIG_NF_CT_NETLINK_MODULE)));(CONFIG_NETFILTER && (CONFIG_NF_CT_NETLINK || CONFIG_NF_CT_NETLINK_MODULE)) && !CONFIG_NF_CONNTRACK_LABELS
CONFIG_OPROFILE_EVENT_MULTIPLEX;(((CONFIG_OPROFILE || CONFIG_OPROFILE_MODULE) && (CONFIG_OPROFILE || CONFIG_OPROFILE_MODULE)) && CONFIG_X86_LOCAL_APIC) && (CONFIG_OPROFILE_EVENT_MULTIPLEX || !CONFIG_OPROFILE_EVENT_MULTIPLEX)
CONFIG_NEED_DMA_MAP_STATE;CONFIG_NEED_DMA_MAP_STATE && (((((CONFIG_ETHERNET && CONFIG_NET_VENDOR_CHELSIO) && (CONFIG_CHELSIO_T4 || CONFIG_CHELSIO_T4_MODULE)) && (CONFIG_CHELSIO_T4 || CONFIG_CHELSIO_T4_MODULE)) || (((CONFIG_ETHERNET && CONFIG_NET_VENDOR_CHELSIO) && (CONFIG_CHELSIO_T3 || CONFIG_CHELSIO_T3_MODULE)) && (CONFIG_CHELSIO_T3 || CONFIG_CHELSIO_T3_MODULE))) || (((CONFIG_ETHERNET && CONFIG_NET_VENDOR_CHELSIO) && (CONFIG_CHELSIO_T4VF || CONFIG_CHELSIO_T4VF_MODULE)) && (CONFIG_CHELSIO_T4VF || CONFIG_CHELSIO_T4VF_MODULE)));!CONFIG_NEED_DMA_MAP_STATE && ((((CONFIG_ETHERNET && CONFIG_NET_VENDOR_CHELSIO) && (CONFIG_CHELSIO_T3 || CONFIG_CHELSIO_T3_MODULE)) && (CONFIG_CHELSIO_T3 || CONFIG_CHELSIO_T3_MODULE)) || (((CONFIG_ETHERNET && CONFIG_NET_VENDOR_CHELSIO) && (CONFIG_CHELSIO_T4VF || CONFIG_CHELSIO_T4VF_MODULE)) && (CONFIG_CHELSIO_T4VF || CONFIG_CHELSIO_T4VF_MODULE)))
CONFIG_VIDEOBUF2_CORE;(CONFIG_VIDEO_DEV || CONFIG_VIDEO_DEV_MODULE) && (CONFIG_VIDEOBUF2_CORE || CONFIG_VIDEOBUF2_CORE_MODULE);((CONFIG_VIDEO_DEV || CONFIG_VIDEO_DEV_MODULE) && (CONFIG_VIDEOBUF2_CORE || CONFIG_VIDEOBUF2_CORE_MODULE)) && (!CONFIG_MMU || CONFIG_VIDEO_ADV_DEBUG)
CONFIG_BLK_DEV_IDE_SATA;CONFIG_BLK_DEV_IDE_SATA && (((((CONFIG_IDE || CONFIG_IDE_MODULE) && (CONFIG_BLK_DEV_PIIX || CONFIG_BLK_DEV_PIIX_MODULE)) || ((CONFIG_IDE || CONFIG_IDE_MODULE) && (CONFIG_BLK_DEV_AMD74XX || CONFIG_BLK_DEV_AMD74XX_MODULE))) || ((CONFIG_IDE || CONFIG_IDE_MODULE) && (CONFIG_BLK_DEV_GENERIC || CONFIG_BLK_DEV_GENERIC_MODULE))) || ((CONFIG_IDE || CONFIG_IDE_MODULE) && (CONFIG_BLK_DEV_SIIMAGE || CONFIG_BLK_DEV_SIIMAGE_MODULE)))
CONFIG_HAVE_ACPI_APEI_NMI;((CONFIG_ACPI && CONFIG_ACPI_APEI) && CONFIG_ACPI_APEI_GHES) && ((CONFIG_HAVE_ACPI_APEI_NMI || !CONFIG_HAVE_ACPI_APEI_NMI) || (CONFIG_ARCH_HAVE_NMI_SAFE_CMPXCHG && CONFIG_HAVE_ACPI_APEI_NMI))
CONFIG_MEGARAID_NEWGEN;(((CONFIG_SCSI || CONFIG_SCSI_MODULE) && CONFIG_MEGARAID_NEWGEN) || ((CONFIG_SCSI || CONFIG_SCSI_MODULE) && (CONFIG_MEGARAID_SAS || CONFIG_MEGARAID_SAS_MODULE))) && (((CONFIG_MEGARAID_MM || CONFIG_MEGARAID_MM_MODULE) || (CONFIG_MEGARAID_SAS || CONFIG_MEGARAID_SAS_MODULE)) || (CONFIG_MEGARAID_MAILBOX || CONFIG_MEGARAID_MAILBOX_MODULE));((((CONFIG_SCSI || CONFIG_SCSI_MODULE) && CONFIG_MEGARAID_NEWGEN) || ((CONFIG_SCSI || CONFIG_SCSI_MODULE) && (CONFIG_MEGARAID_SAS || CONFIG_MEGARAID_SAS_MODULE))) && (CONFIG_MEGARAID_MM || CONFIG_MEGARAID_MM_MODULE)) && CONFIG_COMPAT
CONFIG_VIDEOBUF2_CORE_MODULE;(CONFIG_VIDEO_DEV || CONFIG_VIDEO_DEV_MODULE) && (CONFIG_VIDEOBUF2_CORE || CONFIG_VIDEOBUF2_CORE_MODULE);((CONFIG_VIDEO_DEV || CONFIG_VIDEO_DEV_MODULE) && (CONFIG_VIDEOBUF2_CORE || CONFIG_VIDEOBUF2_CORE_MODULE)) && (!CONFIG_MMU || CONFIG_VIDEO_ADV_DEBUG)
CONFIG_NET_VENDOR_MICROCHIP;(CONFIG_ETHERNET && CONFIG_NET_VENDOR_MICROCHIP) && ((CONFIG_ENC28J60 || CONFIG_ENC28J60_MODULE) || (CONFIG_ENCX24J600 || CONFIG_ENCX24J600_MODULE));((CONFIG_ETHERNET && CONFIG_NET_VENDOR_MICROCHIP) && (CONFIG_ENC28J60 || CONFIG_ENC28J60_MODULE)) && CONFIG_ENC28J60_WRITEVERIFY
CONFIG_DEBUG_PER_CPU_MAPS;CONFIG_NUMA && ((((CONFIG_DEBUG_PER_CPU_MAPS || !CONFIG_DEBUG_PER_CPU_MAPS) || !!CONFIG_DEBUG_PER_CPU_MAPS) || (!CONFIG_NUMA_EMU && !CONFIG_DEBUG_PER_CPU_MAPS)) || (!CONFIG_NUMA_EMU && !!CONFIG_DEBUG_PER_CPU_MAPS));CONFIG_NUMA_EMU && (!CONFIG_DEBUG_PER_CPU_MAPS || !!CONFIG_DEBUG_PER_CPU_MAPS)
CONFIG_ATH9K_BTCOEX_SUPPORT;(((CONFIG_WLAN && (CONFIG_ATH_CARDS || CONFIG_ATH_CARDS_MODULE)) && (CONFIG_ATH9K_HW || CONFIG_ATH9K_HW_MODULE)) && (CONFIG_ATH9K || CONFIG_ATH9K_MODULE)) && (CONFIG_ATH9K_BTCOEX_SUPPORT || CONFIG_ATH9K_BTCOEX_SUPPORT);((((CONFIG_WLAN && (CONFIG_ATH_CARDS || CONFIG_ATH_CARDS_MODULE)) && (CONFIG_ATH9K_HW || CONFIG_ATH9K_HW_MODULE)) && (CONFIG_ATH9K || CONFIG_ATH9K_MODULE)) && CONFIG_ATH9K_DEBUGFS) && CONFIG_ATH9K_BTCOEX_SUPPORT
CONFIG_NET_VENDOR_MELLANOX;((CONFIG_ETHERNET && CONFIG_NET_VENDOR_MELLANOX) && (CONFIG_MLX4_CORE || CONFIG_MLX4_CORE_MODULE)) && ((CONFIG_MLX4_EN || CONFIG_MLX4_EN_MODULE) || (CONFIG_MLX4_CORE || CONFIG_MLX4_CORE_MODULE));((CONFIG_ETHERNET && CONFIG_NET_VENDOR_MELLANOX) && (CONFIG_MLX5_CORE || CONFIG_MLX5_CORE_MODULE)) && (CONFIG_MLX5_CORE || CONFIG_MLX5_CORE_MODULE);((CONFIG_ETHERNET && CONFIG_NET_VENDOR_MELLANOX) && (CONFIG_MLXSW_CORE || CONFIG_MLXSW_CORE_MODULE)) && ((((CONFIG_MLXSW_PCI || CONFIG_MLXSW_PCI_MODULE) || (CONFIG_MLXSW_CORE || CONFIG_MLXSW_CORE_MODULE)) || (CONFIG_MLXSW_SWITCHX2 || CONFIG_MLXSW_SWITCHX2_MODULE)) || (CONFIG_MLXSW_SPECTRUM || CONFIG_MLXSW_SPECTRUM_MODULE))
CONFIG_ARCH_DMA_ADDR_T_64BIT;(CONFIG_IOMMU_SUPPORT && CONFIG_TEGRA_IOMMU_SMMU) && (CONFIG_ARCH_DMA_ADDR_T_64BIT || !CONFIG_ARCH_DMA_ADDR_T_64BIT);CONFIG_ARCH_DMA_ADDR_T_64BIT && (((CONFIG_DMADEVICES && CONFIG_RENESAS_DMA) && (CONFIG_RCAR_DMAC || CONFIG_RCAR_DMAC_MODULE)) || ((CONFIG_ETHERNET && CONFIG_NET_VENDOR_ADAPTEC) && (CONFIG_ADAPTEC_STARFIRE || CONFIG_ADAPTEC_STARFIRE_MODULE)));((CONFIG_ETHERNET && CONFIG_NET_VENDOR_ADAPTEC) && (CONFIG_ADAPTEC_STARFIRE || CONFIG_ADAPTEC_STARFIRE_MODULE)) && !CONFIG_ARCH_DMA_ADDR_T_64BIT
CONFIG_CARDBUS;((CONFIG_PCCARD || CONFIG_PCCARD_MODULE) && (CONFIG_PCMCIA_BCM63XX || CONFIG_PCMCIA_BCM63XX_MODULE)) && (CONFIG_CARDBUS || !CONFIG_CARDBUS)
CONFIG_NF_CONNTRACK_TIMEOUT;CONFIG_NF_CONNTRACK_TIMEOUT && ((CONFIG_NETFILTER && (CONFIG_NF_CT_NETLINK_TIMEOUT || CONFIG_NF_CT_NETLINK_TIMEOUT_MODULE)) || (CONFIG_NETFILTER && (CONFIG_NETFILTER_XT_TARGET_CT || CONFIG_NETFILTER_XT_TARGET_CT_MODULE)));(CONFIG_NETFILTER && (CONFIG_NETFILTER_XT_TARGET_CT || CONFIG_NETFILTER_XT_TARGET_CT_MODULE)) && !CONFIG_NF_CONNTRACK_TIMEOUT
CONFIG_NF_CONNTRACK_EVENTS;(CONFIG_NETFILTER && (CONFIG_NF_CT_NETLINK || CONFIG_NF_CT_NETLINK_MODULE)) && ((CONFIG_NF_CONNTRACK_EVENTS || (CONFIG_NF_CONNTRACK_MARK && CONFIG_NF_CONNTRACK_EVENTS)) || (CONFIG_NF_CONNTRACK_SECMARK && CONFIG_NF_CONNTRACK_EVENTS))
CONFIG_WIMAX_GDM72XX_K_MODE;(((CONFIG_STAGING && (CONFIG_WIMAX_GDM72XX || CONFIG_WIMAX_GDM72XX_MODULE)) && (CONFIG_WIMAX_GDM72XX || CONFIG_WIMAX_GDM72XX_MODULE)) && CONFIG_WIMAX_GDM72XX_USB) && (CONFIG_WIMAX_GDM72XX_K_MODE || (CONFIG_WIMAX_GDM72XX_USB_PM || CONFIG_WIMAX_GDM72XX_K_MODE))
CONFIG_NF_CONNTRACK_SECMARK;CONFIG_NF_CONNTRACK_SECMARK && ((CONFIG_NETFILTER && (CONFIG_NFT_CT || CONFIG_NFT_CT_MODULE)) || (CONFIG_NETFILTER && (CONFIG_NF_CT_NETLINK || CONFIG_NF_CT_NETLINK_MODULE)));(CONFIG_NETFILTER && (CONFIG_NF_CT_NETLINK || CONFIG_NF_CT_NETLINK_MODULE)) && ((!CONFIG_NF_CONNTRACK_SECMARK || (CONFIG_NF_CONNTRACK_SECMARK && CONFIG_NF_CONNTRACK_EVENTS)) || (CONFIG_NF_CONNTRACK_SECMARK && CONFIG_NETFILTER_NETLINK_GLUE_CT))
CONFIG_IP_VS_IPV6;CONFIG_IP_VS_IPV6 && ((((((CONFIG_NETFILTER && (CONFIG_NETFILTER_XT_MATCH_IPVS || CONFIG_NETFILTER_XT_MATCH_IPVS_MODULE)) || ((CONFIG_NETFILTER && (CONFIG_IP_VS || CONFIG_IP_VS_MODULE)) && (CONFIG_IP_VS_DH || CONFIG_IP_VS_DH_MODULE))) || ((CONFIG_NETFILTER && (CONFIG_IP_VS || CONFIG_IP_VS_MODULE)) && (CONFIG_IP_VS_SH || CONFIG_IP_VS_SH_MODULE))) || ((CONFIG_NETFILTER && (CONFIG_IP_VS || CONFIG_IP_VS_MODULE)) && (CONFIG_IP_VS_FTP || CONFIG_IP_VS_FTP_MODULE))) || ((CONFIG_NETFILTER && (CONFIG_IP_VS || CONFIG_IP_VS_MODULE)) && (CONFIG_IP_VS_LBLC || CONFIG_IP_VS_LBLC_MODULE))) || ((CONFIG_NETFILTER && (CONFIG_IP_VS || CONFIG_IP_VS_MODULE)) && (CONFIG_IP_VS_LBLCR || CONFIG_IP_VS_LBLCR_MODULE)))
CONFIG_USB_GADGET_DEBUG_FS;CONFIG_USB_GADGET_DEBUG_FS && (((((((((CONFIG_USB_PHY || (CONFIG_USB || CONFIG_USB_MODULE)) || CONFIG_PCI) || (CONFIG_USB_GADGET || CONFIG_USB_GADGET_MODULE)) && (CONFIG_USB_GADGET || CONFIG_USB_GADGET_MODULE)) && (CONFIG_USB_GADGET || CONFIG_USB_GADGET_MODULE)) && (CONFIG_USB_GR_UDC || CONFIG_USB_GR_UDC_MODULE)) || ((((((CONFIG_USB_PHY || (CONFIG_USB || CONFIG_USB_MODULE)) || CONFIG_PCI) || (CONFIG_USB_GADGET || CONFIG_USB_GADGET_MODULE)) && (CONFIG_USB_GADGET || CONFIG_USB_GADGET_MODULE)) && (CONFIG_USB_GADGET || CONFIG_USB_GADGET_MODULE)) && (CONFIG_USB_PXA27X || CONFIG_USB_PXA27X_MODULE))) || ((((((CONFIG_USB_PHY || (CONFIG_USB || CONFIG_USB_MODULE)) || CONFIG_PCI) || (CONFIG_USB_GADGET || CONFIG_USB_GADGET_MODULE)) && (CONFIG_USB_GADGET || CONFIG_USB_GADGET_MODULE)) && (CONFIG_USB_GADGET || CONFIG_USB_GADGET_MODULE)) && (CONFIG_USB_PXA25X || CONFIG_USB_PXA25X_MODULE))) || ((((((CONFIG_USB_PHY || (CONFIG_USB || CONFIG_USB_MODULE)) || CONFIG_PCI) || (CONFIG_USB_GADGET || CONFIG_USB_GADGET_MODULE)) && (CONFIG_USB_GADGET || CONFIG_USB_GADGET_MODULE)) && (CONFIG_USB_GADGET || CONFIG_USB_GADGET_MODULE)) && (CONFIG_USB_ATMEL_USBA || CONFIG_USB_ATMEL_USBA_MODULE)));!CONFIG_USB_GADGET_DEBUG_FS && (((((((((CONFIG_USB_PHY || (CONFIG_USB || CONFIG_USB_MODULE)) || CONFIG_PCI) || (CONFIG_USB_GADGET || CONFIG_USB_GADGET_MODULE)) && (CONFIG_USB_GADGET || CONFIG_USB_GADGET_MODULE)) && (CONFIG_USB_GADGET || CONFIG_USB_GADGET_MODULE)) && (CONFIG_USB_GR_UDC || CONFIG_USB_GR_UDC_MODULE)) || ((((((CONFIG_USB_PHY || (CONFIG_USB || CONFIG_USB_MODULE)) || CONFIG_PCI) || (CONFIG_USB_GADGET || CONFIG_USB_GADGET_MODULE)) && (CONFIG_USB_GADGET || CONFIG_USB_GADGET_MODULE)) && (CONFIG_USB_GADGET || CONFIG_USB_GADGET_MODULE)) && (CONFIG_USB_PXA27X || CONFIG_USB_PXA27X_MODULE))) || ((((((CONFIG_USB_PHY || (CONFIG_USB || CONFIG_USB_MODULE)) || CONFIG_PCI) || (CONFIG_USB_GADGET || CONFIG_USB_GADGET_MODULE)) && (CONFIG_USB_GADGET || CONFIG_USB_GADGET_MODULE)) && (CONFIG_USB_GADGET || CONFIG_USB_GADGET_MODULE)) && (CONFIG_USB_PXA25X || CONFIG_USB_PXA25X_MODULE))) || ((((((CONFIG_USB_PHY || (CONFIG_USB || CONFIG_USB_MODULE)) || CONFIG_PCI) || (CONFIG_USB_GADGET || CONFIG_USB_GADGET_MODULE)) && (CONFIG_USB_GADGET || CONFIG_USB_GADGET_MODULE)) && (CONFIG_USB_GADGET || CONFIG_USB_GADGET_MODULE)) && (CONFIG_USB_ATMEL_USBA || CONFIG_USB_ATMEL_USBA_MODULE)))
CONFIG_DRM_FBDEV_EMULATION;((CONFIG_DRM_MSM || CONFIG_DRM_MSM_MODULE) && (CONFIG_DRM_MSM || CONFIG_DRM_MSM_MODULE)) && (CONFIG_DRM_FBDEV_EMULATION || CONFIG_DRM_FBDEV_EMULATION);((CONFIG_DRM_I915 || CONFIG_DRM_I915_MODULE) && (CONFIG_DRM_I915 || CONFIG_DRM_I915_MODULE)) && (((CONFIG_DRM_FBDEV_EMULATION || CONFIG_DRM_FBDEV_EMULATION) || !CONFIG_DRM_FBDEV_EMULATION) || !CONFIG_DRM_FBDEV_EMULATION);(((CONFIG_DRM_I915 || CONFIG_DRM_I915_MODULE) && (CONFIG_DRM_I915 || CONFIG_DRM_I915_MODULE)) && CONFIG_DEBUG_FS) && CONFIG_DRM_FBDEV_EMULATION
CONFIG_RTC_INTF_DEV;CONFIG_MENELAUS && ((CONFIG_RTC_INTF_DEV && CONFIG_RTC_DRV_TWL92330) || (!CONFIG_RTC_INTF_DEV && CONFIG_RTC_DRV_TWL92330));CONFIG_RTC_INTF_DEV && ((((CONFIG_RTC_LIB && (CONFIG_RTC_DRV_DS1286 || CONFIG_RTC_DRV_DS1286_MODULE)) || (CONFIG_RTC_LIB && (CONFIG_RTC_DRV_PCF2127 || CONFIG_RTC_DRV_PCF2127_MODULE))) || (CONFIG_RTC_LIB && (CONFIG_RTC_DRV_PCF8563 || CONFIG_RTC_DRV_PCF8563_MODULE))) || (CONFIG_RTC_LIB && (CONFIG_RTC_DRV_PCF8523 || CONFIG_RTC_DRV_PCF8523_MODULE)));!CONFIG_RTC_INTF_DEV && ((((CONFIG_RTC_LIB && (CONFIG_RTC_DRV_DS1286 || CONFIG_RTC_DRV_DS1286_MODULE)) || (CONFIG_RTC_LIB && (CONFIG_RTC_DRV_PCF2127 || CONFIG_RTC_DRV_PCF2127_MODULE))) || (CONFIG_RTC_LIB && (CONFIG_RTC_DRV_PCF8563 || CONFIG_RTC_DRV_PCF8563_MODULE))) || (CONFIG_RTC_LIB && (CONFIG_RTC_DRV_PCF8523 || CONFIG_RTC_DRV_PCF8523_MODULE)))
CONFIG_DEBUG_BLK_CGROUP;(CONFIG_IOSCHED_CFQ || CONFIG_IOSCHED_CFQ_MODULE) && (((CONFIG_DEBUG_BLK_CGROUP && CONFIG_CFQ_GROUP_IOSCHED) || (CONFIG_CFQ_GROUP_IOSCHED && CONFIG_DEBUG_BLK_CGROUP)) || !(CONFIG_CFQ_GROUP_IOSCHED && CONFIG_DEBUG_BLK_CGROUP))
CONFIG_NET_VENDOR_WIZNET;(CONFIG_ETHERNET && CONFIG_NET_VENDOR_WIZNET) && ((CONFIG_WIZNET_W5100 || CONFIG_WIZNET_W5100_MODULE) || (CONFIG_WIZNET_W5300 || CONFIG_WIZNET_W5300_MODULE));CONFIG_PM_SLEEP && (((CONFIG_ETHERNET && CONFIG_NET_VENDOR_WIZNET) && (CONFIG_WIZNET_W5100 || CONFIG_WIZNET_W5100_MODULE)) || ((CONFIG_ETHERNET && CONFIG_NET_VENDOR_WIZNET) && (CONFIG_WIZNET_W5300 || CONFIG_WIZNET_W5300_MODULE)));CONFIG_WIZNET_BUS_DIRECT && (((CONFIG_ETHERNET && CONFIG_NET_VENDOR_WIZNET) && (CONFIG_WIZNET_W5100 || CONFIG_WIZNET_W5100_MODULE)) || ((CONFIG_ETHERNET && CONFIG_NET_VENDOR_WIZNET) && (CONFIG_WIZNET_W5300 || CONFIG_WIZNET_W5300_MODULE)));(!CONFIG_WIZNET_BUS_DIRECT && CONFIG_WIZNET_BUS_INDIRECT) && (((CONFIG_ETHERNET && CONFIG_NET_VENDOR_WIZNET) && (CONFIG_WIZNET_W5100 || CONFIG_WIZNET_W5100_MODULE)) || ((CONFIG_ETHERNET && CONFIG_NET_VENDOR_WIZNET) && (CONFIG_WIZNET_W5300 || CONFIG_WIZNET_W5300_MODULE)));(!CONFIG_WIZNET_BUS_DIRECT && !CONFIG_WIZNET_BUS_INDIRECT) && (((CONFIG_ETHERNET && CONFIG_NET_VENDOR_WIZNET) && (CONFIG_WIZNET_W5100 || CONFIG_WIZNET_W5100_MODULE)) || ((CONFIG_ETHERNET && CONFIG_NET_VENDOR_WIZNET) && (CONFIG_WIZNET_W5300 || CONFIG_WIZNET_W5300_MODULE)))
CONFIG_RTC_DRV_DS1685;(CONFIG_RTC_LIB && (CONFIG_RTC_DRV_DS1685_FAMILY || CONFIG_RTC_DRV_DS1685_FAMILY_MODULE)) && (((((CONFIG_RTC_DRV_DS1685 && (!CONFIG_RTC_DRV_DS1689 && CONFIG_SYSFS)) || (!CONFIG_RTC_DRV_DS1685 && (!CONFIG_RTC_DRV_DS1689 && CONFIG_SYSFS))) || ((!CONFIG_RTC_DRV_DS1685 && !CONFIG_RTC_DRV_DS1689) && (CONFIG_RTC_DS1685_SYSFS_REGS && CONFIG_SYSFS))) || ((!CONFIG_RTC_DRV_DS1685 && !CONFIG_RTC_DRV_DS1689) && (CONFIG_RTC_DS1685_PROC_REGS && CONFIG_PROC_FS))) || (!(!CONFIG_RTC_DRV_DS1685 && !CONFIG_RTC_DRV_DS1689) && (CONFIG_RTC_DS1685_PROC_REGS && CONFIG_PROC_FS)))
CONFIG_SSB_BLOCKIO;CONFIG_SSB_BLOCKIO && ((((((CONFIG_SSB || CONFIG_SSB_MODULE) && (CONFIG_SSB || CONFIG_SSB_MODULE)) && CONFIG_SSB_PCIHOST) || (((CONFIG_SSB || CONFIG_SSB_MODULE) && (CONFIG_SSB || CONFIG_SSB_MODULE)) && CONFIG_SSB_SDIOHOST)) || (((CONFIG_SSB || CONFIG_SSB_MODULE) && (CONFIG_SSB || CONFIG_SSB_MODULE)) && CONFIG_SSB_HOST_SOC)) || (((CONFIG_SSB || CONFIG_SSB_MODULE) && (CONFIG_SSB || CONFIG_SSB_MODULE)) && CONFIG_SSB_PCMCIAHOST))
CONFIG_RTC_DRV_DS1689;(CONFIG_RTC_LIB && (CONFIG_RTC_DRV_DS1685_FAMILY || CONFIG_RTC_DRV_DS1685_FAMILY_MODULE)) && ((((((!CONFIG_RTC_DRV_DS1689 && CONFIG_SYSFS) || (CONFIG_RTC_DRV_DS1685 && (!CONFIG_RTC_DRV_DS1689 && CONFIG_SYSFS))) || (!CONFIG_RTC_DRV_DS1685 && (!CONFIG_RTC_DRV_DS1689 && CONFIG_SYSFS))) || ((!CONFIG_RTC_DRV_DS1685 && !CONFIG_RTC_DRV_DS1689) && (CONFIG_RTC_DS1685_SYSFS_REGS && CONFIG_SYSFS))) || ((!CONFIG_RTC_DRV_DS1685 && !CONFIG_RTC_DRV_DS1689) && (CONFIG_RTC_DS1685_PROC_REGS && CONFIG_PROC_FS))) || (!(!CONFIG_RTC_DRV_DS1685 && !CONFIG_RTC_DRV_DS1689) && (CONFIG_RTC_DS1685_PROC_REGS && CONFIG_PROC_FS)))
CONFIG_USB_KBD_MODULE;((((CONFIG_HID || CONFIG_HID_MODULE) && (CONFIG_USB_HID || CONFIG_USB_HID_MODULE)) || ((CONFIG_HID || CONFIG_HID_MODULE) && (CONFIG_USB_MOUSE || CONFIG_USB_MOUSE_MODULE))) || ((CONFIG_HID || CONFIG_HID_MODULE) && (CONFIG_USB_KBD || CONFIG_USB_KBD_MODULE))) && (((CONFIG_USB_HID || CONFIG_USB_HID_MODULE) || (CONFIG_USB_KBD || CONFIG_USB_KBD_MODULE)) || (CONFIG_USB_MOUSE || CONFIG_USB_MOUSE_MODULE));(((((CONFIG_HID || CONFIG_HID_MODULE) && (CONFIG_USB_HID || CONFIG_USB_HID_MODULE)) || ((CONFIG_HID || CONFIG_HID_MODULE) && (CONFIG_USB_MOUSE || CONFIG_USB_MOUSE_MODULE))) || ((CONFIG_HID || CONFIG_HID_MODULE) && (CONFIG_USB_KBD || CONFIG_USB_KBD_MODULE))) && (CONFIG_USB_HID || CONFIG_USB_HID_MODULE)) && (((CONFIG_PM || CONFIG_HID_PID) || CONFIG_USB_HIDDEV) || CONFIG_USB_HIDDEV);(((((CONFIG_HID || CONFIG_HID_MODULE) && (CONFIG_USB_HID || CONFIG_USB_HID_MODULE)) || ((CONFIG_HID || CONFIG_HID_MODULE) && (CONFIG_USB_MOUSE || CONFIG_USB_MOUSE_MODULE))) || ((CONFIG_HID || CONFIG_HID_MODULE) && (CONFIG_USB_KBD || CONFIG_USB_KBD_MODULE))) && (CONFIG_USB_MOUSE || CONFIG_USB_MOUSE_MODULE)) && CONFIG_USB_HID_MODULE;((((((CONFIG_HID || CONFIG_HID_MODULE) && (CONFIG_USB_HID || CONFIG_USB_HID_MODULE)) || ((CONFIG_HID || CONFIG_HID_MODULE) && (CONFIG_USB_MOUSE || CONFIG_USB_MOUSE_MODULE))) || ((CONFIG_HID || CONFIG_HID_MODULE) && (CONFIG_USB_KBD || CONFIG_USB_KBD_MODULE))) && (CONFIG_USB_HID || CONFIG_USB_HID_MODULE)) && CONFIG_USB_HIDDEV) && ((CONFIG_COMPAT || CONFIG_USB_DYNAMIC_MINORS) || !CONFIG_USB_DYNAMIC_MINORS)
CONFIG_USB_MOUSE_MODULE;((((CONFIG_HID || CONFIG_HID_MODULE) && (CONFIG_USB_HID || CONFIG_USB_HID_MODULE)) || ((CONFIG_HID || CONFIG_HID_MODULE) && (CONFIG_USB_MOUSE || CONFIG_USB_MOUSE_MODULE))) || ((CONFIG_HID || CONFIG_HID_MODULE) && (CONFIG_USB_KBD || CONFIG_USB_KBD_MODULE))) && (((CONFIG_USB_HID || CONFIG_USB_HID_MODULE) || (CONFIG_USB_KBD || CONFIG_USB_KBD_MODULE)) || (CONFIG_USB_MOUSE || CONFIG_USB_MOUSE_MODULE));(((((CONFIG_HID || CONFIG_HID_MODULE) && (CONFIG_USB_HID || CONFIG_USB_HID_MODULE)) || ((CONFIG_HID || CONFIG_HID_MODULE) && (CONFIG_USB_MOUSE || CONFIG_USB_MOUSE_MODULE))) || ((CONFIG_HID || CONFIG_HID_MODULE) && (CONFIG_USB_KBD || CONFIG_USB_KBD_MODULE))) && (CONFIG_USB_HID || CONFIG_USB_HID_MODULE)) && (((CONFIG_PM || CONFIG_HID_PID) || CONFIG_USB_HIDDEV) || CONFIG_USB_HIDDEV);(((((CONFIG_HID || CONFIG_HID_MODULE) && (CONFIG_USB_HID || CONFIG_USB_HID_MODULE)) || ((CONFIG_HID || CONFIG_HID_MODULE) && (CONFIG_USB_MOUSE || CONFIG_USB_MOUSE_MODULE))) || ((CONFIG_HID || CONFIG_HID_MODULE) && (CONFIG_USB_KBD || CONFIG_USB_KBD_MODULE))) && (CONFIG_USB_MOUSE || CONFIG_USB_MOUSE_MODULE)) && CONFIG_USB_HID_MODULE;((((((CONFIG_HID || CONFIG_HID_MODULE) && (CONFIG_USB_HID || CONFIG_USB_HID_MODULE)) || ((CONFIG_HID || CONFIG_HID_MODULE) && (CONFIG_USB_MOUSE || CONFIG_USB_MOUSE_MODULE))) || ((CONFIG_HID || CONFIG_HID_MODULE) && (CONFIG_USB_KBD || CONFIG_USB_KBD_MODULE))) && (CONFIG_USB_HID || CONFIG_USB_HID_MODULE)) && CONFIG_USB_HIDDEV) && ((CONFIG_COMPAT || CONFIG_USB_DYNAMIC_MINORS) || !CONFIG_USB_DYNAMIC_MINORS)
CONFIG_USB_KBD;((((CONFIG_HID || CONFIG_HID_MODULE) && (CONFIG_USB_HID || CONFIG_USB_HID_MODULE)) || ((CONFIG_HID || CONFIG_HID_MODULE) && (CONFIG_USB_MOUSE || CONFIG_USB_MOUSE_MODULE))) || ((CONFIG_HID || CONFIG_HID_MODULE) && (CONFIG_USB_KBD || CONFIG_USB_KBD_MODULE))) && (((CONFIG_USB_HID || CONFIG_USB_HID_MODULE) || (CONFIG_USB_KBD || CONFIG_USB_KBD_MODULE)) || (CONFIG_USB_MOUSE || CONFIG_USB_MOUSE_MODULE));(((((CONFIG_HID || CONFIG_HID_MODULE) && (CONFIG_USB_HID || CONFIG_USB_HID_MODULE)) || ((CONFIG_HID || CONFIG_HID_MODULE) && (CONFIG_USB_MOUSE || CONFIG_USB_MOUSE_MODULE))) || ((CONFIG_HID || CONFIG_HID_MODULE) && (CONFIG_USB_KBD || CONFIG_USB_KBD_MODULE))) && (CONFIG_USB_HID || CONFIG_USB_HID_MODULE)) && (((CONFIG_PM || CONFIG_HID_PID) || CONFIG_USB_HIDDEV) || CONFIG_USB_HIDDEV);(((((CONFIG_HID || CONFIG_HID_MODULE) && (CONFIG_USB_HID || CONFIG_USB_HID_MODULE)) || ((CONFIG_HID || CONFIG_HID_MODULE) && (CONFIG_USB_MOUSE || CONFIG_USB_MOUSE_MODULE))) || ((CONFIG_HID || CONFIG_HID_MODULE) && (CONFIG_USB_KBD || CONFIG_USB_KBD_MODULE))) && (CONFIG_USB_MOUSE || CONFIG_USB_MOUSE_MODULE)) && CONFIG_USB_HID_MODULE;((((((CONFIG_HID || CONFIG_HID_MODULE) && (CONFIG_USB_HID || CONFIG_USB_HID_MODULE)) || ((CONFIG_HID || CONFIG_HID_MODULE) && (CONFIG_USB_MOUSE || CONFIG_USB_MOUSE_MODULE))) || ((CONFIG_HID || CONFIG_HID_MODULE) && (CONFIG_USB_KBD || CONFIG_USB_KBD_MODULE))) && (CONFIG_USB_HID || CONFIG_USB_HID_MODULE)) && CONFIG_USB_HIDDEV) && ((CONFIG_COMPAT || CONFIG_USB_DYNAMIC_MINORS) || !CONFIG_USB_DYNAMIC_MINORS)
CONFIG_USB_MOUSE;((((CONFIG_HID || CONFIG_HID_MODULE) && (CONFIG_USB_HID || CONFIG_USB_HID_MODULE)) || ((CONFIG_HID || CONFIG_HID_MODULE) && (CONFIG_USB_MOUSE || CONFIG_USB_MOUSE_MODULE))) || ((CONFIG_HID || CONFIG_HID_MODULE) && (CONFIG_USB_KBD || CONFIG_USB_KBD_MODULE))) && (((CONFIG_USB_HID || CONFIG_USB_HID_MODULE) || (CONFIG_USB_KBD || CONFIG_USB_KBD_MODULE)) || (CONFIG_USB_MOUSE || CONFIG_USB_MOUSE_MODULE));(((((CONFIG_HID || CONFIG_HID_MODULE) && (CONFIG_USB_HID || CONFIG_USB_HID_MODULE)) || ((CONFIG_HID || CONFIG_HID_MODULE) && (CONFIG_USB_MOUSE || CONFIG_USB_MOUSE_MODULE))) || ((CONFIG_HID || CONFIG_HID_MODULE) && (CONFIG_USB_KBD || CONFIG_USB_KBD_MODULE))) && (CONFIG_USB_HID || CONFIG_USB_HID_MODULE)) && (((CONFIG_PM || CONFIG_HID_PID) || CONFIG_USB_HIDDEV) || CONFIG_USB_HIDDEV);(((((CONFIG_HID || CONFIG_HID_MODULE) && (CONFIG_USB_HID || CONFIG_USB_HID_MODULE)) || ((CONFIG_HID || CONFIG_HID_MODULE) && (CONFIG_USB_MOUSE || CONFIG_USB_MOUSE_MODULE))) || ((CONFIG_HID || CONFIG_HID_MODULE) && (CONFIG_USB_KBD || CONFIG_USB_KBD_MODULE))) && (CONFIG_USB_MOUSE || CONFIG_USB_MOUSE_MODULE)) && CONFIG_USB_HID_MODULE;((((((CONFIG_HID || CONFIG_HID_MODULE) && (CONFIG_USB_HID || CONFIG_USB_HID_MODULE)) || ((CONFIG_HID || CONFIG_HID_MODULE) && (CONFIG_USB_MOUSE || CONFIG_USB_MOUSE_MODULE))) || ((CONFIG_HID || CONFIG_HID_MODULE) && (CONFIG_USB_KBD || CONFIG_USB_KBD_MODULE))) && (CONFIG_USB_HID || CONFIG_USB_HID_MODULE)) && CONFIG_USB_HIDDEV) && ((CONFIG_COMPAT || CONFIG_USB_DYNAMIC_MINORS) || !CONFIG_USB_DYNAMIC_MINORS)
CONFIG_TRACER_SNAPSHOT;(((((CONFIG_FUNCTION_TRACER || CONFIG_TRACING) || CONFIG_TRACE_CLOCK) || CONFIG_RING_BUFFER) || CONFIG_TRACEPOINTS) && CONFIG_TRACING) && ((((CONFIG_TRACER_SNAPSHOT || !CONFIG_TRACER_SNAPSHOT) || (CONFIG_TRACER_SNAPSHOT && CONFIG_DYNAMIC_FTRACE)) || !(CONFIG_TRACER_SNAPSHOT && CONFIG_DYNAMIC_FTRACE)) || (!CONFIG_RING_BUFFER_ALLOW_SWAP && CONFIG_TRACER_SNAPSHOT));(((((CONFIG_FUNCTION_TRACER || CONFIG_TRACING) || CONFIG_TRACE_CLOCK) || CONFIG_RING_BUFFER) || CONFIG_TRACEPOINTS) && CONFIG_EVENT_TRACING) && (CONFIG_TRACER_SNAPSHOT || !CONFIG_TRACER_SNAPSHOT)
CONFIG_NET_VENDOR_EMULEX;((CONFIG_ETHERNET && CONFIG_NET_VENDOR_EMULEX) && (CONFIG_BE2NET || CONFIG_BE2NET_MODULE)) && (CONFIG_BE2NET || CONFIG_BE2NET_MODULE);(((CONFIG_ETHERNET && CONFIG_NET_VENDOR_EMULEX) && (CONFIG_BE2NET || CONFIG_BE2NET_MODULE)) && (CONFIG_BE2NET || CONFIG_BE2NET_MODULE)) && (((CONFIG_BE2NET_VXLAN || CONFIG_NET_RX_BUSY_POLL) || !CONFIG_NET_RX_BUSY_POLL) || CONFIG_NET_POLL_CONTROLLER)
CONFIG_PM_DEBUG;CONFIG_PM_DEBUG && (((CONFIG_SUSPEND || CONFIG_HIBERNATION) || ((CONFIG_IUCV || CONFIG_IUCV_MODULE) && (CONFIG_IUCV || CONFIG_IUCV_MODULE))) || ((CONFIG_IUCV || CONFIG_IUCV_MODULE) && (CONFIG_AFIUCV || CONFIG_AFIUCV_MODULE)));CONFIG_HIBERNATION && !CONFIG_PM_DEBUG;CONFIG_PM && (CONFIG_PM_DEBUG && CONFIG_PM_SLEEP);CONFIG_GPIO_TZ1090 && (CONFIG_PM_DEBUG && CONFIG_SUSPEND)
CONFIG_NF_CONNTRACK_MARK;CONFIG_NF_CONNTRACK_MARK && (((CONFIG_NETFILTER && (CONFIG_NFT_CT || CONFIG_NFT_CT_MODULE)) || (CONFIG_NETFILTER && (CONFIG_NF_CT_NETLINK || CONFIG_NF_CT_NETLINK_MODULE))) || (CONFIG_NETFILTER && (CONFIG_NF_CT_NETLINK || CONFIG_NF_CT_NETLINK_MODULE)));(CONFIG_NETFILTER && (CONFIG_NF_CT_NETLINK || CONFIG_NF_CT_NETLINK_MODULE)) && (((!CONFIG_NF_CONNTRACK_MARK || (CONFIG_NF_CONNTRACK_MARK && CONFIG_NF_CONNTRACK_EVENTS)) || (CONFIG_NF_CONNTRACK_MARK && CONFIG_NETFILTER_NETLINK_GLUE_CT)) || (CONFIG_NF_CONNTRACK_MARK && CONFIG_NETFILTER_NETLINK_GLUE_CT))
CONFIG_POWER_RESET;(CONFIG_POWER_SUPPLY && CONFIG_POWER_RESET) && (((((((((((((((((((((CONFIG_POWER_RESET_ST || CONFIG_POWER_RESET_IMX) || CONFIG_POWER_RESET_MSM) || CONFIG_POWER_RESET_QNAP) || CONFIG_POWER_RESET_HISI) || CONFIG_POWER_RESET_GPIO) || CONFIG_POWER_RESET_XGENE) || CONFIG_POWER_RESET_AXXIA) || CONFIG_POWER_RESET_SYSCON) || CONFIG_POWER_RESET_AS3722) || CONFIG_POWER_RESET_BRCMSTB) || CONFIG_POWER_RESET_LTC2952) || CONFIG_POWER_RESET_RESTART) || CONFIG_POWER_RESET_KEYSTONE) || CONFIG_POWER_RESET_VEXPRESS) || CONFIG_POWER_RESET_VERSATILE) || CONFIG_POWER_RESET_GPIO_RESTART) || CONFIG_POWER_RESET_SYSCON_POWEROFF) || (CONFIG_POWER_RESET_ZX || CONFIG_POWER_RESET_ZX_MODULE)) || (CONFIG_POWER_RESET_RMOBILE || CONFIG_POWER_RESET_RMOBILE_MODULE)) || (CONFIG_POWER_RESET_AT91_RESET || CONFIG_POWER_RESET_AT91_RESET_MODULE)) || (CONFIG_POWER_RESET_AT91_POWEROFF || CONFIG_POWER_RESET_AT91_POWEROFF_MODULE))
CONFIG_VLAN_8021Q_MODULE;(CONFIG_VLAN_8021Q || CONFIG_VLAN_8021Q_MODULE) && (((((((CONFIG_VLAN_8021Q || ((CONFIG_ETHERNET && CONFIG_NET_VENDOR_SIS) && (CONFIG_SIS900 || CONFIG_SIS900_MODULE))) || ((CONFIG_ETHERNET && CONFIG_NET_VENDOR_3COM) && (CONFIG_VORTEX || CONFIG_VORTEX_MODULE))) || ((CONFIG_ETHERNET && CONFIG_NET_VENDOR_BROADCOM) && (CONFIG_CNIC || CONFIG_CNIC_MODULE))) || ((CONFIG_ETHERNET && CONFIG_NET_VENDOR_DLINK) && (CONFIG_SUNDANCE || CONFIG_SUNDANCE_MODULE))) || ((CONFIG_ETHERNET && CONFIG_NET_VENDOR_NATSEMI) && (CONFIG_NS83820 || CONFIG_NS83820_MODULE))) || ((CONFIG_ETHERNET && CONFIG_NET_VENDOR_AMD) && (CONFIG_AMD8111_ETH || CONFIG_AMD8111_ETH_MODULE))) || ((CONFIG_ETHERNET && CONFIG_NET_VENDOR_ADAPTEC) && (CONFIG_ADAPTEC_STARFIRE || CONFIG_ADAPTEC_STARFIRE_MODULE)));(CONFIG_VLAN_8021Q && (CONFIG_VLAN_8021Q || CONFIG_VLAN_8021Q_MODULE)) && (((((CONFIG_PROC_FS || CONFIG_VLAN_8021Q_MVRP) || CONFIG_VLAN_8021Q_GVRP) || CONFIG_NET_POLL_CONTROLLER) || !CONFIG_NET_POLL_CONTROLLER) || (CONFIG_FCOE || CONFIG_FCOE_MODULE));!(CONFIG_VLAN_8021Q || CONFIG_VLAN_8021Q_MODULE) && ((((CONFIG_ETHERNET && CONFIG_NET_VENDOR_3COM) && (CONFIG_VORTEX || CONFIG_VORTEX_MODULE)) || ((CONFIG_ETHERNET && CONFIG_NET_VENDOR_DLINK) && (CONFIG_SUNDANCE || CONFIG_SUNDANCE_MODULE))) || ((CONFIG_ETHERNET && CONFIG_NET_VENDOR_AMD) && (CONFIG_AMD8111_ETH || CONFIG_AMD8111_ETH_MODULE)));((CONFIG_ETHERNET && CONFIG_NET_VENDOR_BROADCOM) && (CONFIG_TIGON3 || CONFIG_TIGON3_MODULE)) && (!CONFIG_VLAN_8021Q && !CONFIG_VLAN_8021Q_MODULE)
CONFIG_TRACER_MAX_TRACE;(((((CONFIG_FUNCTION_TRACER || CONFIG_TRACING) || CONFIG_TRACE_CLOCK) || CONFIG_RING_BUFFER) || CONFIG_TRACEPOINTS) && CONFIG_TRACING) && ((((CONFIG_TRACER_MAX_TRACE || !CONFIG_TRACER_MAX_TRACE) || (CONFIG_TRACER_MAX_TRACE && CONFIG_FTRACE_STARTUP_TEST)) || (CONFIG_RING_BUFFER_ALLOW_SWAP && CONFIG_TRACER_MAX_TRACE)) || (!CONFIG_RING_BUFFER_ALLOW_SWAP && CONFIG_TRACER_MAX_TRACE))
CONFIG_NET_VENDOR_CISCO;((CONFIG_ETHERNET && CONFIG_NET_VENDOR_CISCO) && (CONFIG_ENIC || CONFIG_ENIC_MODULE)) && (CONFIG_ENIC || CONFIG_ENIC_MODULE);(((CONFIG_ETHERNET && CONFIG_NET_VENDOR_CISCO) && (CONFIG_ENIC || CONFIG_ENIC_MODULE)) && (CONFIG_ENIC || CONFIG_ENIC_MODULE)) && (((((CONFIG_PCI_IOV || CONFIG_RFS_ACCEL) || !CONFIG_PCI_IOV) || !CONFIG_RFS_ACCEL) || CONFIG_NET_RX_BUSY_POLL) || CONFIG_NET_POLL_CONTROLLER)
CONFIG_MEDIA_CONTROLLER;CONFIG_MEDIA_CONTROLLER && (((((((((((CONFIG_VIDEO_OV2659 || CONFIG_VIDEO_OV2659_MODULE) || (CONFIG_VIDEO_TVP514X || CONFIG_VIDEO_TVP514X_MODULE)) || (CONFIG_VIDEO_TVP7002 || CONFIG_VIDEO_TVP7002_MODULE)) || ((CONFIG_VIDEO_DEV || CONFIG_VIDEO_DEV_MODULE) && (CONFIG_VIDEO_V4L2 || CONFIG_VIDEO_V4L2_MODULE))) || ((CONFIG_VIDEO_DEV || CONFIG_VIDEO_DEV_MODULE) && (CONFIG_VIDEO_TUNER || CONFIG_VIDEO_TUNER_MODULE))) || ((CONFIG_VIDEO_DEV || CONFIG_VIDEO_DEV_MODULE) && (CONFIG_VIDEO_V4L2 || CONFIG_VIDEO_V4L2_MODULE))) || ((CONFIG_VIDEO_DEV || CONFIG_VIDEO_DEV_MODULE) && (CONFIG_VIDEO_TUNER || CONFIG_VIDEO_TUNER_MODULE))) || ((CONFIG_VIDEO_CX231XX || CONFIG_VIDEO_CX231XX_MODULE) && (CONFIG_VIDEO_CX231XX || CONFIG_VIDEO_CX231XX_MODULE))) || ((CONFIG_VIDEO_CX231XX || CONFIG_VIDEO_CX231XX_MODULE) && (CONFIG_VIDEO_CX231XX || CONFIG_VIDEO_CX231XX_MODULE))) || ((CONFIG_VIDEO_CX25840 || CONFIG_VIDEO_CX25840_MODULE) && (CONFIG_VIDEO_CX25840 || CONFIG_VIDEO_CX25840_MODULE))) || ((CONFIG_USB_VIDEO_CLASS || CONFIG_USB_VIDEO_CLASS_MODULE) && (CONFIG_USB_VIDEO_CLASS || CONFIG_USB_VIDEO_CLASS_MODULE)))
CONFIG_WL_TI;(CONFIG_WLAN && CONFIG_WL_TI) && CONFIG_WILINK_PLATFORM_DATA;((CONFIG_WLAN && CONFIG_WL_TI) && (CONFIG_WLCORE || CONFIG_WLCORE_MODULE)) && (((CONFIG_WLCORE || CONFIG_WLCORE_MODULE) || (CONFIG_WLCORE_SPI || CONFIG_WLCORE_SPI_MODULE)) || (CONFIG_WLCORE_SDIO || CONFIG_WLCORE_SDIO_MODULE));((CONFIG_WLAN && CONFIG_WL_TI) && (CONFIG_WL1251 || CONFIG_WL1251_MODULE)) && (((CONFIG_WL1251 || CONFIG_WL1251_MODULE) || (CONFIG_WL1251_SPI || CONFIG_WL1251_SPI_MODULE)) || (CONFIG_WL1251_SDIO || CONFIG_WL1251_SDIO_MODULE));((CONFIG_WLAN && CONFIG_WL_TI) && (CONFIG_WL18XX || CONFIG_WL18XX_MODULE)) && (CONFIG_WL18XX || CONFIG_WL18XX_MODULE);((CONFIG_WLAN && CONFIG_WL_TI) && (CONFIG_WL12XX || CONFIG_WL12XX_MODULE)) && (CONFIG_WL12XX || CONFIG_WL12XX_MODULE);(((CONFIG_WLAN && CONFIG_WL_TI) && (CONFIG_WLCORE || CONFIG_WLCORE_MODULE)) && (CONFIG_WLCORE || CONFIG_WLCORE_MODULE)) && (CONFIG_PM || CONFIG_NL80211_TESTMODE)
CONFIG_RT2X00_MODULE;(CONFIG_WLAN && (CONFIG_RT2X00 || CONFIG_RT2X00_MODULE)) && (((((((((((((((CONFIG_RT61PCI || CONFIG_RT61PCI_MODULE) || (CONFIG_RT73USB || CONFIG_RT73USB_MODULE)) || (CONFIG_RT2800PCI || CONFIG_RT2800PCI_MODULE)) || (CONFIG_RT2500USB || CONFIG_RT2500USB_MODULE)) || (CONFIG_RT2400PCI || CONFIG_RT2400PCI_MODULE)) || (CONFIG_RT2500PCI || CONFIG_RT2500PCI_MODULE)) || (CONFIG_RT2800SOC || CONFIG_RT2800SOC_MODULE)) || (CONFIG_RT2800USB || CONFIG_RT2800USB_MODULE)) || (CONFIG_RT2X00_LIB || CONFIG_RT2X00_LIB_MODULE)) || (CONFIG_RT2800_LIB || CONFIG_RT2800_LIB_MODULE)) || (CONFIG_RT2X00_LIB_USB || CONFIG_RT2X00_LIB_USB_MODULE)) || (CONFIG_RT2X00_LIB_SOC || CONFIG_RT2X00_LIB_SOC_MODULE)) || (CONFIG_RT2X00_LIB_PCI || CONFIG_RT2X00_LIB_PCI_MODULE)) || (CONFIG_RT2800_LIB_MMIO || CONFIG_RT2800_LIB_MMIO_MODULE)) || (CONFIG_RT2X00_LIB_MMIO || CONFIG_RT2X00_LIB_MMIO_MODULE));CONFIG_PM && (((((CONFIG_WLAN && (CONFIG_RT2X00 || CONFIG_RT2X00_MODULE)) && (CONFIG_RT2X00_LIB || CONFIG_RT2X00_LIB_MODULE)) || ((CONFIG_WLAN && (CONFIG_RT2X00 || CONFIG_RT2X00_MODULE)) && (CONFIG_RT2X00_LIB_USB || CONFIG_RT2X00_LIB_USB_MODULE))) || ((CONFIG_WLAN && (CONFIG_RT2X00 || CONFIG_RT2X00_MODULE)) && (CONFIG_RT2X00_LIB_SOC || CONFIG_RT2X00_LIB_SOC_MODULE))) || ((CONFIG_WLAN && (CONFIG_RT2X00 || CONFIG_RT2X00_MODULE)) && (CONFIG_RT2X00_LIB_PCI || CONFIG_RT2X00_LIB_PCI_MODULE)));CONFIG_RT2X00_LIB_LEDS && ((((((((CONFIG_WLAN && (CONFIG_RT2X00 || CONFIG_RT2X00_MODULE)) && (CONFIG_RT61PCI || CONFIG_RT61PCI_MODULE)) || ((CONFIG_WLAN && (CONFIG_RT2X00 || CONFIG_RT2X00_MODULE)) && (CONFIG_RT73USB || CONFIG_RT73USB_MODULE))) || ((CONFIG_WLAN && (CONFIG_RT2X00 || CONFIG_RT2X00_MODULE)) && (CONFIG_RT2500USB || CONFIG_RT2500USB_MODULE))) || ((CONFIG_WLAN && (CONFIG_RT2X00 || CONFIG_RT2X00_MODULE)) && (CONFIG_RT2400PCI || CONFIG_RT2400PCI_MODULE))) || ((CONFIG_WLAN && (CONFIG_RT2X00 || CONFIG_RT2X00_MODULE)) && (CONFIG_RT2500PCI || CONFIG_RT2500PCI_MODULE))) || ((CONFIG_WLAN && (CONFIG_RT2X00 || CONFIG_RT2X00_MODULE)) && (CONFIG_RT2800_LIB || CONFIG_RT2800_LIB_MODULE))) || ((CONFIG_WLAN && (CONFIG_RT2X00 || CONFIG_RT2X00_MODULE)) && (CONFIG_RT2X00_LIB || CONFIG_RT2X00_LIB_MODULE)));CONFIG_RT2X00_LIB_DEBUGFS && (((((((((((CONFIG_WLAN && (CONFIG_RT2X00 || CONFIG_RT2X00_MODULE)) && (CONFIG_RT61PCI || CONFIG_RT61PCI_MODULE)) || ((CONFIG_WLAN && (CONFIG_RT2X00 || CONFIG_RT2X00_MODULE)) && (CONFIG_RT73USB || CONFIG_RT73USB_MODULE))) || ((CONFIG_WLAN && (CONFIG_RT2X00 || CONFIG_RT2X00_MODULE)) && (CONFIG_RT2800PCI || CONFIG_RT2800PCI_MODULE))) || ((CONFIG_WLAN && (CONFIG_RT2X00 || CONFIG_RT2X00_MODULE)) && (CONFIG_RT2500USB || CONFIG_RT2500USB_MODULE))) || ((CONFIG_WLAN && (CONFIG_RT2X00 || CONFIG_RT2X00_MODULE)) && (CONFIG_RT2400PCI || CONFIG_RT2400PCI_MODULE))) || ((CONFIG_WLAN && (CONFIG_RT2X00 || CONFIG_RT2X00_MODULE)) && (CONFIG_RT2500PCI || CONFIG_RT2500PCI_MODULE))) || ((CONFIG_WLAN && (CONFIG_RT2X00 || CONFIG_RT2X00_MODULE)) && (CONFIG_RT2800SOC || CONFIG_RT2800SOC_MODULE))) || ((CONFIG_WLAN && (CONFIG_RT2X00 || CONFIG_RT2X00_MODULE)) && (CONFIG_RT2800USB || CONFIG_RT2800USB_MODULE))) || ((CONFIG_WLAN && (CONFIG_RT2X00 || CONFIG_RT2X00_MODULE)) && (CONFIG_RT2800_LIB || CONFIG_RT2800_LIB_MODULE))) || ((CONFIG_WLAN && (CONFIG_RT2X00 || CONFIG_RT2X00_MODULE)) && (CONFIG_RT2X00_LIB || CONFIG_RT2X00_LIB_MODULE)));((CONFIG_WLAN && (CONFIG_RT2X00 || CONFIG_RT2X00_MODULE)) && (CONFIG_RT2X00_LIB || CONFIG_RT2X00_LIB_MODULE)) && (((CONFIG_MAC80211_MESH || CONFIG_RT2X00_LIB_CRYPTO) || CONFIG_RT2X00_LIB_CRYPTO) || CONFIG_RT2X00_LIB_FIRMWARE);((CONFIG_WLAN && (CONFIG_RT2X00 || CONFIG_RT2X00_MODULE)) && (CONFIG_RT2800PCI || CONFIG_RT2800PCI_MODULE)) && (((CONFIG_RT2800PCI_RT3290 || CONFIG_RT2800PCI_RT33XX) || CONFIG_RT2800PCI_RT35XX) || CONFIG_RT2800PCI_RT53XX);((CONFIG_WLAN && (CONFIG_RT2X00 || CONFIG_RT2X00_MODULE)) && (CONFIG_RT2800USB || CONFIG_RT2800USB_MODULE)) && (((((CONFIG_RT2800USB_RT33XX || CONFIG_RT2800USB_RT35XX) || CONFIG_RT2800USB_RT3573) || CONFIG_RT2800USB_RT53XX) || CONFIG_RT2800USB_RT55XX) || CONFIG_RT2800USB_UNKNOWN);(((CONFIG_WLAN && (CONFIG_RT2X00 || CONFIG_RT2X00_MODULE)) && (CONFIG_RT2X00_LIB || CONFIG_RT2X00_LIB_MODULE)) && CONFIG_RT2X00_LIB_DEBUGFS) && CONFIG_RT2X00_LIB_CRYPTO
CONFIG_RT2X00;(CONFIG_WLAN && (CONFIG_RT2X00 || CONFIG_RT2X00_MODULE)) && (((((((((((((((CONFIG_RT61PCI || CONFIG_RT61PCI_MODULE) || (CONFIG_RT73USB || CONFIG_RT73USB_MODULE)) || (CONFIG_RT2800PCI || CONFIG_RT2800PCI_MODULE)) || (CONFIG_RT2500USB || CONFIG_RT2500USB_MODULE)) || (CONFIG_RT2400PCI || CONFIG_RT2400PCI_MODULE)) || (CONFIG_RT2500PCI || CONFIG_RT2500PCI_MODULE)) || (CONFIG_RT2800SOC || CONFIG_RT2800SOC_MODULE)) || (CONFIG_RT2800USB || CONFIG_RT2800USB_MODULE)) || (CONFIG_RT2X00_LIB || CONFIG_RT2X00_LIB_MODULE)) || (CONFIG_RT2800_LIB || CONFIG_RT2800_LIB_MODULE)) || (CONFIG_RT2X00_LIB_USB || CONFIG_RT2X00_LIB_USB_MODULE)) || (CONFIG_RT2X00_LIB_SOC || CONFIG_RT2X00_LIB_SOC_MODULE)) || (CONFIG_RT2X00_LIB_PCI || CONFIG_RT2X00_LIB_PCI_MODULE)) || (CONFIG_RT2800_LIB_MMIO || CONFIG_RT2800_LIB_MMIO_MODULE)) || (CONFIG_RT2X00_LIB_MMIO || CONFIG_RT2X00_LIB_MMIO_MODULE));CONFIG_PM && (((((CONFIG_WLAN && (CONFIG_RT2X00 || CONFIG_RT2X00_MODULE)) && (CONFIG_RT2X00_LIB || CONFIG_RT2X00_LIB_MODULE)) || ((CONFIG_WLAN && (CONFIG_RT2X00 || CONFIG_RT2X00_MODULE)) && (CONFIG_RT2X00_LIB_USB || CONFIG_RT2X00_LIB_USB_MODULE))) || ((CONFIG_WLAN && (CONFIG_RT2X00 || CONFIG_RT2X00_MODULE)) && (CONFIG_RT2X00_LIB_SOC || CONFIG_RT2X00_LIB_SOC_MODULE))) || ((CONFIG_WLAN && (CONFIG_RT2X00 || CONFIG_RT2X00_MODULE)) && (CONFIG_RT2X00_LIB_PCI || CONFIG_RT2X00_LIB_PCI_MODULE)));CONFIG_RT2X00_LIB_LEDS && ((((((((CONFIG_WLAN && (CONFIG_RT2X00 || CONFIG_RT2X00_MODULE)) && (CONFIG_RT61PCI || CONFIG_RT61PCI_MODULE)) || ((CONFIG_WLAN && (CONFIG_RT2X00 || CONFIG_RT2X00_MODULE)) && (CONFIG_RT73USB || CONFIG_RT73USB_MODULE))) || ((CONFIG_WLAN && (CONFIG_RT2X00 || CONFIG_RT2X00_MODULE)) && (CONFIG_RT2500USB || CONFIG_RT2500USB_MODULE))) || ((CONFIG_WLAN && (CONFIG_RT2X00 || CONFIG_RT2X00_MODULE)) && (CONFIG_RT2400PCI || CONFIG_RT2400PCI_MODULE))) || ((CONFIG_WLAN && (CONFIG_RT2X00 || CONFIG_RT2X00_MODULE)) && (CONFIG_RT2500PCI || CONFIG_RT2500PCI_MODULE))) || ((CONFIG_WLAN && (CONFIG_RT2X00 || CONFIG_RT2X00_MODULE)) && (CONFIG_RT2800_LIB || CONFIG_RT2800_LIB_MODULE))) || ((CONFIG_WLAN && (CONFIG_RT2X00 || CONFIG_RT2X00_MODULE)) && (CONFIG_RT2X00_LIB || CONFIG_RT2X00_LIB_MODULE)));CONFIG_RT2X00_LIB_DEBUGFS && (((((((((((CONFIG_WLAN && (CONFIG_RT2X00 || CONFIG_RT2X00_MODULE)) && (CONFIG_RT61PCI || CONFIG_RT61PCI_MODULE)) || ((CONFIG_WLAN && (CONFIG_RT2X00 || CONFIG_RT2X00_MODULE)) && (CONFIG_RT73USB || CONFIG_RT73USB_MODULE))) || ((CONFIG_WLAN && (CONFIG_RT2X00 || CONFIG_RT2X00_MODULE)) && (CONFIG_RT2800PCI || CONFIG_RT2800PCI_MODULE))) || ((CONFIG_WLAN && (CONFIG_RT2X00 || CONFIG_RT2X00_MODULE)) && (CONFIG_RT2500USB || CONFIG_RT2500USB_MODULE))) || ((CONFIG_WLAN && (CONFIG_RT2X00 || CONFIG_RT2X00_MODULE)) && (CONFIG_RT2400PCI || CONFIG_RT2400PCI_MODULE))) || ((CONFIG_WLAN && (CONFIG_RT2X00 || CONFIG_RT2X00_MODULE)) && (CONFIG_RT2500PCI || CONFIG_RT2500PCI_MODULE))) || ((CONFIG_WLAN && (CONFIG_RT2X00 || CONFIG_RT2X00_MODULE)) && (CONFIG_RT2800SOC || CONFIG_RT2800SOC_MODULE))) || ((CONFIG_WLAN && (CONFIG_RT2X00 || CONFIG_RT2X00_MODULE)) && (CONFIG_RT2800USB || CONFIG_RT2800USB_MODULE))) || ((CONFIG_WLAN && (CONFIG_RT2X00 || CONFIG_RT2X00_MODULE)) && (CONFIG_RT2800_LIB || CONFIG_RT2800_LIB_MODULE))) || ((CONFIG_WLAN && (CONFIG_RT2X00 || CONFIG_RT2X00_MODULE)) && (CONFIG_RT2X00_LIB || CONFIG_RT2X00_LIB_MODULE)));((CONFIG_WLAN && (CONFIG_RT2X00 || CONFIG_RT2X00_MODULE)) && (CONFIG_RT2X00_LIB || CONFIG_RT2X00_LIB_MODULE)) && (((CONFIG_MAC80211_MESH || CONFIG_RT2X00_LIB_CRYPTO) || CONFIG_RT2X00_LIB_CRYPTO) || CONFIG_RT2X00_LIB_FIRMWARE);((CONFIG_WLAN && (CONFIG_RT2X00 || CONFIG_RT2X00_MODULE)) && (CONFIG_RT2800PCI || CONFIG_RT2800PCI_MODULE)) && (((CONFIG_RT2800PCI_RT3290 || CONFIG_RT2800PCI_RT33XX) || CONFIG_RT2800PCI_RT35XX) || CONFIG_RT2800PCI_RT53XX);((CONFIG_WLAN && (CONFIG_RT2X00 || CONFIG_RT2X00_MODULE)) && (CONFIG_RT2800USB || CONFIG_RT2800USB_MODULE)) && (((((CONFIG_RT2800USB_RT33XX || CONFIG_RT2800USB_RT35XX) || CONFIG_RT2800USB_RT3573) || CONFIG_RT2800USB_RT53XX) || CONFIG_RT2800USB_RT55XX) || CONFIG_RT2800USB_UNKNOWN);(((CONFIG_WLAN && (CONFIG_RT2X00 || CONFIG_RT2X00_MODULE)) && (CONFIG_RT2X00_LIB || CONFIG_RT2X00_LIB_MODULE)) && CONFIG_RT2X00_LIB_DEBUGFS) && CONFIG_RT2X00_LIB_CRYPTO
CONFIG_VIDEO_ADV_DEBUG;CONFIG_VIDEO_ADV_DEBUG && (((((((((((((((((((((((((((((((((((((((((((((((((((((CONFIG_VIDEO_MXB || CONFIG_VIDEO_MXB_MODULE) || (CONFIG_VIDEO_OV7670 || CONFIG_VIDEO_OV7670_MODULE)) || (CONFIG_VIDEO_AK881X || CONFIG_VIDEO_AK881X_MODULE)) || (CONFIG_VIDEO_CS5345 || CONFIG_VIDEO_CS5345_MODULE)) || (CONFIG_VIDEO_VS6624 || CONFIG_VIDEO_VS6624_MODULE)) || (CONFIG_VIDEO_M52790 || CONFIG_VIDEO_M52790_MODULE)) || (CONFIG_VIDEO_ADV7183 || CONFIG_VIDEO_ADV7183_MODULE)) || (CONFIG_VIDEO_SAA717X || CONFIG_VIDEO_SAA717X_MODULE)) || (CONFIG_VIDEO_MT9M032 || CONFIG_VIDEO_MT9M032_MODULE)) || (CONFIG_VIDEO_SAA7127 || CONFIG_VIDEO_SAA7127_MODULE)) || (CONFIG_VIDEO_ADV7511 || CONFIG_VIDEO_ADV7511_MODULE)) || (CONFIG_VIDEO_AD9389B || CONFIG_VIDEO_AD9389B_MODULE)) || (CONFIG_VIDEO_MT9V011 || CONFIG_VIDEO_MT9V011_MODULE)) || (CONFIG_VIDEO_TVP5150 || CONFIG_VIDEO_TVP5150_MODULE)) || (CONFIG_VIDEO_THS8200 || CONFIG_VIDEO_THS8200_MODULE)) || (CONFIG_VIDEO_SAA711X || CONFIG_VIDEO_SAA711X_MODULE)) || (CONFIG_VIDEO_THS7303 || CONFIG_VIDEO_THS7303_MODULE)) || (CONFIG_VIDEO_ADV7604 || CONFIG_VIDEO_ADV7604_MODULE)) || (CONFIG_VIDEO_TVP7002 || CONFIG_VIDEO_TVP7002_MODULE)) || (CONFIG_VIDEO_ADV7842 || CONFIG_VIDEO_ADV7842_MODULE)) || (CONFIG_VIDEO_UPD64083 || CONFIG_VIDEO_UPD64083_MODULE)) || (CONFIG_VIDEO_TC358743 || CONFIG_VIDEO_TC358743_MODULE)) || (CONFIG_VIDEO_UPD64031A || CONFIG_VIDEO_UPD64031A_MODULE)) || (CONFIG_VIDEO_ML86V7667 || CONFIG_VIDEO_ML86V7667_MODULE)) || (CONFIG_SOC_CAMERA_RJ54N1 || CONFIG_SOC_CAMERA_RJ54N1_MODULE)) || (CONFIG_SOC_CAMERA_OV9640 || CONFIG_SOC_CAMERA_OV9640_MODULE)) || (CONFIG_SOC_CAMERA_TW9910 || CONFIG_SOC_CAMERA_TW9910_MODULE)) || (CONFIG_SOC_CAMERA_OV2640 || CONFIG_SOC_CAMERA_OV2640_MODULE)) || (CONFIG_SOC_CAMERA_OV9740 || CONFIG_SOC_CAMERA_OV9740_MODULE)) || (CONFIG_SOC_CAMERA_OV772X || CONFIG_SOC_CAMERA_OV772X_MODULE)) || (CONFIG_SOC_CAMERA_OV6650 || CONFIG_SOC_CAMERA_OV6650_MODULE)) || (CONFIG_SOC_CAMERA_OV5642 || CONFIG_SOC_CAMERA_OV5642_MODULE)) || (CONFIG_SOC_CAMERA_MT9T112 || CONFIG_SOC_CAMERA_MT9T112_MODULE)) || (CONFIG_SOC_CAMERA_MT9T031 || CONFIG_SOC_CAMERA_MT9T031_MODULE)) || (CONFIG_SOC_CAMERA_MT9V022 || CONFIG_SOC_CAMERA_MT9V022_MODULE)) || (CONFIG_SOC_CAMERA_MT9M111 || CONFIG_SOC_CAMERA_MT9M111_MODULE)) || (CONFIG_SOC_CAMERA_MT9M001 || CONFIG_SOC_CAMERA_MT9M001_MODULE)) || ((CONFIG_VIDEO_DEV || CONFIG_VIDEO_DEV_MODULE) && (CONFIG_VIDEO_V4L2 || CONFIG_VIDEO_V4L2_MODULE))) || ((CONFIG_VIDEO_CX88 || CONFIG_VIDEO_CX88_MODULE) && (CONFIG_VIDEO_CX88 || CONFIG_VIDEO_CX88_MODULE))) || ((CONFIG_VIDEO_IVTV || CONFIG_VIDEO_IVTV_MODULE) && (CONFIG_VIDEO_IVTV || CONFIG_VIDEO_IVTV_MODULE))) || ((CONFIG_VIDEO_CX18 || CONFIG_VIDEO_CX18_MODULE) && (CONFIG_VIDEO_CX18 || CONFIG_VIDEO_CX18_MODULE))) || ((CONFIG_VIDEO_TW68 || CONFIG_VIDEO_TW68_MODULE) && (CONFIG_VIDEO_TW68 || CONFIG_VIDEO_TW68_MODULE))) || ((CONFIG_VIDEO_DEV || CONFIG_VIDEO_DEV_MODULE) && (CONFIG_RADIO_SI476X || CONFIG_RADIO_SI476X_MODULE))) || ((CONFIG_VIDEO_BT848 || CONFIG_VIDEO_BT848_MODULE) && (CONFIG_VIDEO_BT848 || CONFIG_VIDEO_BT848_MODULE))) || ((CONFIG_DVB_CORE || CONFIG_DVB_CORE_MODULE) && (CONFIG_DVB_AU8522_V4L || CONFIG_DVB_AU8522_V4L_MODULE))) || ((CONFIG_VIDEO_DEV || CONFIG_VIDEO_DEV_MODULE) && (CONFIG_VIDEOBUF2_CORE || CONFIG_VIDEOBUF2_CORE_MODULE))) || ((CONFIG_VIDEO_COBALT || CONFIG_VIDEO_COBALT_MODULE) && (CONFIG_VIDEO_COBALT || CONFIG_VIDEO_COBALT_MODULE))) || ((CONFIG_VIDEO_SAA7134 || CONFIG_VIDEO_SAA7134_MODULE) && (CONFIG_VIDEO_SAA7134 || CONFIG_VIDEO_SAA7134_MODULE))) || ((CONFIG_VIDEO_CX23885 || CONFIG_VIDEO_CX23885_MODULE) && (CONFIG_VIDEO_CX23885 || CONFIG_VIDEO_CX23885_MODULE))) || ((CONFIG_VIDEO_STK1160 || CONFIG_VIDEO_STK1160_MODULE) && (CONFIG_VIDEO_STK1160 || CONFIG_VIDEO_STK1160_MODULE))) || ((CONFIG_VIDEO_CX231XX || CONFIG_VIDEO_CX231XX_MODULE) && (CONFIG_VIDEO_CX231XX || CONFIG_VIDEO_CX231XX_MODULE))) || ((CONFIG_VIDEO_CX25840 || CONFIG_VIDEO_CX25840_MODULE) && (CONFIG_VIDEO_CX25840 || CONFIG_VIDEO_CX25840_MODULE))) || ((CONFIG_VIDEO_USBVISION || CONFIG_VIDEO_USBVISION_MODULE) && (CONFIG_VIDEO_USBVISION || CONFIG_VIDEO_USBVISION_MODULE)));!CONFIG_VIDEO_ADV_DEBUG && (((CONFIG_VIDEO_DEV || CONFIG_VIDEO_DEV_MODULE) && (CONFIG_VIDEO_V4L2 || CONFIG_VIDEO_V4L2_MODULE)) || ((CONFIG_VIDEO_IVTV || CONFIG_VIDEO_IVTV_MODULE) && (CONFIG_VIDEO_IVTV || CONFIG_VIDEO_IVTV_MODULE)))
